Date,0
2021-01-04,0.00024357868347891945
2021-01-05,0.005727030655381144
2021-01-06,-0.007149446019362366
2021-01-07,0.015768841511253733
2021-01-08,0.002681418160217748
2021-01-11,0.001820754850035698
2021-01-12,-0.0011400968808636433
2021-01-13,0.0038282382828864698
2021-01-14,-0.003036890187592108
2021-01-15,-0.005814936928431254
2021-01-19,0.008440128097348945
2021-01-20,0.00931731068306571
2021-01-21,0.0027154787305479757
2021-01-22,-0.0013675376390295414
2021-01-25,0.0039103713464422474
2021-01-26,0.0006915378699212788
2021-01-27,-0.013198075932916912
2021-01-28,0.0023763503300906204
2021-01-29,-0.008387985232164876
2021-02-01,-0.0005500013802193469
2021-02-02,0.006997203178723398
2021-02-03,0.00250770319215612
2021-02-04,0.0003446740387755806
2021-02-05,0.0011558611091471746
2021-02-08,0.0036075208388340074
2021-02-09,-8.469152340325022e-05
2021-02-10,-0.0013704492112556939
2021-02-11,0.0033003709953318447
2021-02-12,0.0024952421805995452
2021-02-16,-0.0012379962176456677
2021-02-17,-0.003038663537845168
2021-02-18,-0.0028276780468807767
2021-02-19,-0.0032661976333121854
2021-02-22,-0.0195487413419349
2021-02-23,-0.002238277040972713
2021-02-24,0.0037499784981840025
2021-02-25,0.014392120314932843
2021-02-26,0.002280368507510876
2021-03-01,0.016428416790903996
2021-03-02,-0.001521029441523897
2021-03-03,0.004464439874655662
2021-03-04,-0.008344978506576808
2021-03-05,0.0058454956726495975
2021-03-08,-0.013969827172647428
2021-03-09,0.018391282877867687
2021-03-10,-0.0013457174745149794
2021-03-11,0.00022399711643353152
2021-03-12,0.004679469727100626
2021-03-15,-0.0009600285979877991
2021-03-16,0.002088432814962067
2021-03-17,0.0010371926339756822
2021-03-18,-0.011586636356038264
2021-03-19,0.0005646066638360024
2021-03-22,-0.0029919168039697235
2021-03-23,-0.0044758621336128245
2021-03-24,0.0011648318743970262
2021-03-25,-0.0011636854234266672
2021-03-26,0.005805363026906635
2021-03-29,0.0020189797974495757
2021-03-30,0.0005180396752748237
2021-03-31,0.0008311771641518388
2021-04-01,-0.002239137540960925
2021-04-05,0.0016357240633409942
2021-04-06,-0.0035770245581203796
2021-04-07,-0.0004453088364372406
2021-04-08,0.0024907575852430265
2021-04-09,-0.0018899155375088584
2021-04-12,-0.00044095448831149646
2021-04-13,0.002997731465964251
2021-04-14,-0.000876983928321733
2021-04-15,0.004612178872555897
2021-04-16,-0.0018849184994497025
2021-04-19,-0.0007299654137755904
2021-04-20,0.0020710646157003727
2021-04-21,0.00036246676488256775
2021-04-22,0.0005506279913452919
2021-04-23,-0.0009158491605357508
2021-04-26,0.006380686896342975
2021-04-27,-0.003617960647050586
2021-04-28,-0.0034207583652975694
2021-04-29,0.0036924521673614005
2021-04-30,-0.0072592676389454935
2021-05-03,-0.006342499023385801
2021-05-04,-0.01630200302776878
2021-05-05,-0.003911038108598997
2021-05-06,0.006091338981786425
2021-05-07,0.00024358534078577245
2021-05-10,-0.0014080094040352035
2021-05-11,-0.0009644182564760684
2021-05-12,-0.018868515721700136
2021-05-13,0.005098132552938933
2021-05-14,0.01523235575424611
2021-05-17,0.0006801795623277463
2021-05-18,-0.0
2021-05-19,0.0021248834436371207
2021-05-20,0.01217905600979753
2021-05-21,0.0002456402077666687
2021-05-24,0.00076773847057197
2021-05-25,0.000809803902221735
2021-05-26,-0.0009617224874963245
2021-05-27,-0.0014853113520822742
2021-05-28,-7.623643390510895e-05
2021-06-01,-0.000781623472800847
2021-06-02,0.0010182685775647893
2021-06-03,-0.002304890431604186
2021-06-04,-0.005110273034459976
2021-06-07,-0.0007051833935867594
2021-06-08,0.0025863169575909397
2021-06-09,0.0029633788116738592
2021-06-10,0.003334299102543735
2021-06-11,-0.0013603426953581394
2021-06-14,-0.002887365714864018
2021-06-15,0.00016696815902916528
2021-06-16,-0.006601167532215798
2021-06-17,0.019671075020388156
2021-06-18,-0.009443352278820392
2021-06-21,0.007980229147349208
2021-06-22,0.012221639387723663
2021-06-23,0.0008408705653901764
2021-06-24,0.01234751572157363
2021-06-25,-0.002420150788051242
2021-06-28,0.024322967359712955
2021-06-29,0.005707484220775247
2021-06-30,-0.0026002419723612706
2021-07-01,0.0007449271766703695
2021-07-02,0.022957267620135724
2021-07-06,0.008643459994726932
2021-07-07,0.0042201886115904585
2021-07-08,-0.012079264412959034
2021-07-09,0.01248746974926318
2021-07-12,0.007811482435539752
2021-07-13,0.0
2021-07-14,-0.0040268643345601676
2021-07-15,0.003865427713323398
2021-07-16,-0.0001557195743695412
2021-07-19,0.007785187186061913
2021-07-20,0.01451946072014009
2021-07-21,-0.004909623254169621
2021-07-22,0.0018953034767227918
2021-07-23,-0.0012789866134785494
2021-07-26,-0.0005675481086994738
2021-07-27,0.0035614592645276293
2021-07-28,0.000700184637057547
2021-07-29,-0.0025189150037993944
2021-07-30,-0.0022915010893430733
2021-08-02,8.872631140078312e-05
2021-08-03,0.00694733697512672
2021-08-04,-0.0002041400324284479
2021-08-05,-0.0029417593665792864
2021-08-06,-0.004686363186697852
2021-08-09,0.001690473916137634
2021-08-10,-0.005923108962815066
2021-08-11,-0.0008823184956391828
2021-08-12,0.0008143746409451468
2021-08-13,-0.003635696221413022
2021-08-16,-0.0017299846239408473
2021-08-17,-0.00040170296691176006
2021-08-18,-0.0004015899961494866
2021-08-19,0.006134271831298716
2021-08-20,-0.0005912460281842491
2021-08-23,0.00020184687996870437
2021-08-24,-0.002161058674701276
2021-08-25,0.0030898930055943126
2021-08-26,-0.0
2021-08-27,-0.0025282549634876865
2021-08-30,-0.0015257579204779853
2021-08-31,-0.0014852038697327238
2021-09-01,0.00020228020108028293
2021-09-02,-0.0009490537985450639
2021-09-03,-0.0019074830203542415
2021-09-07,0.0031525432653375716
2021-09-08,-0.00217558917723648
2021-09-09,-0.002245637560947722
2021-09-10,-0.0024969262069381454
2021-09-13,-0.0009804906233835352
2021-09-14,-0.003172479515201128
2021-09-15,0.014869381986352348
2021-09-16,0.0013698795206511189
2021-09-17,0.002437510430759882
2021-09-20,-0.004222924106304857
2021-09-21,0.001699911167462782
2021-09-22,0.01600400130995137
2021-09-23,-0.007473207476844418
2021-09-24,0.0023166800681636225
2021-09-27,0.002046316464101921
2021-09-28,0.0029002473848058516
2021-09-29,-0.0013392536588319318
2021-09-30,-0.0030041493963945433
2021-10-01,0.005101589200130003
2021-10-04,0.0009431363588688552
2021-10-05,0.010057706817671798
2021-10-06,0.0044800107676859725
2021-10-07,0.003170031964063594
2021-10-08,0.001738136247919632
2021-10-11,0.0019795442198898257
2021-10-12,-0.0023224031309586404
2021-10-13,-0.0016271677743281397
2021-10-14,-0.0019838929559650837
2021-10-15,-0.004269403990496181
2021-10-18,0.0011876797221748434
2021-10-19,0.003048544768994539
2021-10-20,0.0003695819463087714
2021-10-21,0.0022675589617400832
2021-10-22,-0.002192648980820237
2021-10-25,-0.0010525488478117047
2021-10-26,0.002078410512083058
2021-10-27,-0.004912530685933033
2021-10-28,-0.0022080463191957037
2021-10-29,0.0003674116006333622
2021-11-01,-0.0006668834707566833
2021-11-02,0.002138466655406114
2021-11-03,-0.0027307608258723658
2021-11-04,0.004691434240871105
2021-11-05,0.004603551211260732
2021-11-08,-0.0035313418583906276
2021-11-09,0.0038228433752490725
2021-11-10,-0.00699603406439773
2021-11-11,0.002490648680571522
2021-11-12,-0.0012884974829872292
2021-11-15,0.003015023601672231
2021-11-16,0.000533174806414367
2021-11-17,-0.0021886105011718945
2021-11-18,-0.0003691661428664904
2021-11-19,-0.002060940234538844
2021-11-22,-0.004425107359013017
2021-11-23,0.0024295477577248445
2021-11-24,-0.0018074769513591105
2021-11-26,-0.007508993879547747
2021-11-29,-0.0014669466279273867
2021-11-30,-0.011363422632738193
2021-12-01,0.0007163477224406202
2021-12-02,0.004896911609258689
2021-12-03,0.0037861571948058113
2021-12-06,0.005435123545048893
2021-12-07,0.020058811909318353
2021-12-08,-0.002409705772796665
2021-12-09,-0.0019025445458959126
2021-12-10,-0.0005218593683386737
2021-12-13,-0.0035997549844897316
2021-12-14,-0.001291614208366769
2021-12-15,0.012389100604749957
2021-12-16,-0.0015082707491410508
2021-12-17,0.0016984597494613762
2021-12-20,-0.0006792495827626102
2021-12-21,0.010823612962409879
2021-12-22,-0.000750708785075117
2021-12-23,0.0016498355353685725
2021-12-27,-0.0002749588681827557
2021-12-28,0.00013753590053243166
2021-12-29,0.004085375116990618
2021-12-30,-0.0026077448984757686
2021-12-31,0.0008882577629661956
2022-01-03,0.007314263558927634
2022-01-04,-0.006795887920126906
2022-01-05,0.0031954462221645977
2022-01-06,0.0018605704775214922
2022-01-07,0.0024869517931852044
2022-01-10,0.00020184397974481902
2022-01-11,0.007929965034979093
2022-01-12,-0.00011321409494675452
2022-01-13,-0.0020388754581396194
2022-01-14,0.004405263501547089
2022-01-18,-0.014097586075235646
2022-01-19,-0.00330328808397799
2022-01-20,-0.003884387120992154
2022-01-21,-0.009554848282358213
2022-01-24,0.001467878039489754
2022-01-25,-0.0075755468493418155
2022-01-26,-0.0005522640339141855
2022-01-27,-0.0035254094104159384
2022-01-28,0.015938792659108608
2022-01-31,0.0
2022-02-01,-0.0016453871539689787
2022-02-02,-0.001479331945910021
2022-02-03,-0.003124663483785227
2022-02-04,0.005037443315029367
2022-02-07,-0.0001953588447328194
2022-02-08,0.002418630989798059
2022-02-09,-0.0010110006252096997
2022-02-10,0.006877428479217835
2022-02-11,-0.011895617913764187
2022-02-14,0.004757501153721264
2022-02-15,0.009323954617385916
2022-02-16,-0.0014178208204684655
2022-02-17,-0.0036352886592520145
2022-02-18,0.0022163800833147245
2022-02-22,-6.138250512568774e-05
2022-02-23,-0.0035787821206813286
2022-02-24,0.012601571669529632
2022-02-25,0.005815172450304662
2022-02-28,0.008569373383228407
2022-03-01,0.006212196863969346
2022-03-02,-0.01019154038621393
2022-03-03,0.002731598378697847
2022-03-04,0.005230667886049658
2022-03-07,-0.002163819042801685
2022-03-08,-0.001012490954540372
2022-03-09,0.007847507313015119
2022-03-10,0.002287310151935166
2022-03-11,0.0001629907174508633
2022-03-14,0.0063417493916191735
2022-03-15,0.006758460574096144
2022-03-16,0.0006601486066870981
2022-03-17,0.0011141493366808642
2022-03-18,-0.0017006315437610678
2022-03-21,0.007509065436649616
2022-03-22,0.003033546533081836
2022-03-23,-0.003703899834556046
2022-03-24,0.0030154899316695003
2022-03-25,0.005531690172389465
2022-03-28,-0.0011982252502442197
2022-03-29,0.006453625619141284
2022-03-30,-0.0020655260782997988
2022-03-31,-0.000990453708195074
2022-04-01,-0.004045031082351096
2022-04-04,0.000344940020988491
2022-04-05,-0.00899753181848187
2022-04-06,0.0017960680853481425
2022-04-07,0.0009380048659207224
2022-04-08,0.002592370770571177
2022-04-11,0.0024509379129634685
2022-04-12,-0.0016988878259549072
2022-04-13,-0.000939851988835834
2022-04-14,0.003087673463579491
2022-04-18,0.0009829819252984578
2022-04-19,0.010459205587843178
2022-04-20,-0.0026700411691791158
2022-04-21,0.002311222292621497
2022-04-22,-0.000203093922662526
2022-04-25,0.004114400561983896
2022-04-26,-0.011463504316608454
2022-04-27,-0.00032853139558793336
2022-04-28,0.015642733892098623
2022-04-29,-0.0021854645727705786
2022-05-02,0.0035529154402155617
2022-05-03,0.00040037194601960646
2022-05-04,-0.002647392183342564
2022-05-05,0.004052195075103275
2022-05-06,0.002269820983191946
2022-05-09,-0.0029458610083538555
2022-05-10,0.0020751439621605554
2022-05-11,-0.003000035188221614
2022-05-12,-0.0003945356130316598
2022-05-13,0.013897413942728892
2022-05-16,0.0020188083620094406
2022-05-17,-0.0036576368864880407
2022-05-18,-0.0034352881663259204
2022-05-19,0.0017034180173298658
2022-05-20,0.002198910736129456
2022-05-23,0.001794080664830039
2022-05-24,-0.005581284945117813
2022-05-25,0.00367373964685432
2022-05-26,-0.00023223037358728762
2022-05-27,0.0007278421428242303
2022-05-31,-0.0053102768395697055
2022-06-01,0.003531714429470317
2022-06-02,-0.0007474074937640876
2022-06-03,0.0009991810232080555
2022-06-06,0.0038760888325729743
2022-06-07,0.0022642112076759003
2022-06-08,-0.0018890347109751914
2022-06-09,0.0004644079335158844
2022-06-10,0.0051651887854789295
2022-06-13,-0.005972520370279295
2022-06-14,0.00022888055911299176
2022-06-15,0.0031515594398866652
2022-06-16,-0.002569239296429126
2022-06-17,-0.00014018649264130805
2022-06-21,0.0066228198719090045
2022-06-22,-0.005993914715139073
2022-06-23,0.002623490899017178
2022-06-24,-0.0016371771744250105
2022-06-27,-0.0026150365478591615
2022-06-28,0.0006000665345132157
2022-06-29,0.0037363005513379715
2022-06-30,0.0035440322529609264
2022-07-01,0.004180488449885377
2022-07-05,0.0016866379442019475
2022-07-06,-0.003887949549212703
2022-07-07,-0.0023112215546370685
2022-07-08,-0.0022836687904690556
2022-07-11,-0.002957414025284891
2022-07-12,0.0008736269947149738
2022-07-13,0.0012781536955821075
2022-07-14,0.0014188386719082094
2022-07-15,-0.0010249433755957261
2022-07-18,-0.0008807483224501971
2022-07-19,0.0017474732254297448
2022-07-20,0.00037418616171559506
2022-07-21,-0.004344471907688351
2022-07-22,0.0042958444591276145
2022-07-25,-0.0013106096750320772
2022-07-26,-0.009481973208332472
2022-07-27,0.000749086785915088
2022-07-28,0.0036847682794966634
2022-07-29,0.0001414687858827848
2022-08-01,0.0015203210476611075
2022-08-02,-0.005162682702934379
2022-08-03,0.001515541729563524
2022-08-04,0.0018688783652341993
2022-08-05,-0.005358789218301322
2022-08-08,-0.002101903721758015
2022-08-09,-0.00364330831912261
2022-08-10,-0.00020624703460802161
2022-08-11,-0.0009027640161503865
2022-08-12,-0.001417847830034345
2022-08-15,-0.0011455066988454955
2022-08-16,0.0004180607505656966
2022-08-17,0.0024458776071192485
2022-08-18,-0.0007006015397384209
2022-08-19,0.0031295780304256126
2022-08-22,0.0015970921239129023
2022-08-23,-0.00024769111042143694
2022-08-24,0.0012116087542120822
2022-08-25,-0.0018575964981565349
2022-08-26,0.00034422943976730643
2022-08-29,-0.004409690255588618
2022-08-30,-0.004950171313253598
2022-08-31,-0.0017594629626834504
2022-09-01,0.00020908402069425507
2022-09-02,-0.005152908790368176
2022-09-06,-0.0025725796264389417
2022-09-07,0.007224293422563161
2022-09-08,0.001674536745934884
2022-09-09,0.00853961344201728
2022-09-12,0.0009257662842941819
2022-09-13,0.002248682308852513
2022-09-14,0.0031149396804209905
2022-09-15,0.001376116030512226
2022-09-16,-0.0014133062946409558
2022-09-19,0.0030165304943906963
2022-09-20,-0.003090947249936253
2022-09-21,-0.0016654141965972212
2022-09-22,0.006305069781212384
2022-09-23,-0.006454819863714421
2022-09-26,-0.001701308410718103
2022-09-27,0.0001827945494105323
2022-09-28,0.009055509301384239
2022-09-29,0.0013359475292922664
2022-09-30,-0.004486101522134112
2022-10-03,0.006097476279110676
2022-10-04,0.012222081486473645
2022-10-05,-0.0034240681532362116
2022-10-06,0.0019701941249940995
2022-10-07,0.0017598187267723266
2022-10-10,-0.00374868487130485
2022-10-11,-0.002981953865034911
2022-10-12,-0.00010431040692049805
2022-10-13,0.0015015040849541013
2022-10-14,-0.012739741659378821
2022-10-17,-0.00038802901993264757
2022-10-18,0.002965374124203224
2022-10-19,0.003933809070732982
2022-10-20,0.002772341397218815
2022-10-21,-0.0008352361010077802
2022-10-24,0.0004871876348320492
2022-10-25,-0.00472023188058402
2022-10-26,0.001868817066855825
2022-10-27,0.0026431494774884264
2022-10-28,-0.0019045808088354278
2022-10-31,-0.0016899407593564
2022-11-01,-0.0008949578630665415
2022-11-02,-0.0006596340898049394
2022-11-03,-0.004056943589231604
2022-11-04,0.0032930866046505516
2022-11-07,0.0013783873082569926
2022-11-08,-0.0026142906371277802
2022-11-09,-0.0013277915657245107
2022-11-10,-0.00868054599958873
2022-11-11,-0.0008759151968293418
2022-11-14,-0.001010889321943517
2022-11-15,0.002850000395431422
2022-11-16,-0.002800115367676639
2022-11-17,-0.0006689229962887356
2022-11-18,7.1325878725413305e-06
2022-11-21,-0.0021320685042095183
2022-11-22,0.0029790685069333023
2022-11-23,0.0010920153513941575
2022-11-25,-0.0007462715429380027
2022-11-28,-0.003184414773182947
2022-11-29,-0.0024475837217053723
2022-11-30,0.010225723006326378
2022-12-01,0.0001305339795229029
2022-12-02,-0.0008818965776053908
2022-12-05,-0.0021440866098637384
2022-12-06,-0.004628800040687033
2022-12-07,-0.0012959791770825945
2022-12-08,0.002570588363122422
2022-12-09,-0.000790625896102966
2022-12-12,0.00048310788606525083
2022-12-13,0.00537147780296854
2022-12-14,-0.003266708336498958
2022-12-15,-0.015249427183035607
2022-12-16,-0.004736765070016571
2022-12-19,-0.006410266719801549
2022-12-20,-0.0003504176494021257
2022-12-21,0.006569693798910492
2022-12-22,-0.01107647337311222
2022-12-23,0.0009904551665824838
2022-12-27,-0.006213384030717882
2022-12-28,0.0009387083273195028
2022-12-29,0.010648757773640077
2022-12-30,0.001653562474344899
2023-01-03,-0.003161316521963244
2023-01-04,0.0024761844131375495
2023-01-05,-0.008214010068655698
2023-01-06,0.014761932096521747
2023-01-09,0.0009900918137932095
2023-01-10,-0.0024508536284804363
2023-01-11,0.0024938564499975414
2023-01-12,0.0034655089900000845
2023-01-13,0.001929092101823579
2023-01-17,0.0005652590129174534
2023-01-18,-0.006933722728275169
2023-01-19,-0.004577039167438111
2023-01-20,0.01028737766725415
2023-01-23,0.004977696286094755
2023-01-24,-0.00042769638612451033
2023-01-25,-0.0008027586070768764
2023-01-26,0.005034332695245521
2023-01-27,0.0026799363025214033
2023-01-30,-0.008314726851343393
2023-01-31,0.00717789677946742
2023-02-01,0.0057090122284451485
2023-02-02,0.012940340550555403
2023-02-03,-0.005271240480403675
2023-02-06,-0.0024524129855340235
2023-02-07,0.0062438755834642624
2023-02-08,-0.003531487396164239
2023-02-09,-0.0030211189167587728
2023-02-10,-0.0022292917180582903
2023-02-13,0.005719068301284958
2023-02-14,0.0017011651810696848
2023-02-15,0.0017620269536916425
2023-02-16,-0.004643028010747786
2023-02-17,-0.0032699091614983287
2023-02-21,-0.008841417830959618
2023-02-22,0.0003550374556569921
2023-02-23,-0.0016314007173739485
2023-02-24,-0.005915070423982338
2023-02-27,0.0025497499918414918
2023-02-28,-0.0005812566088921126
2023-03-01,0.004260178471682665
2023-03-02,0.0017466836340802674
2023-03-03,0.010278276641340256
2023-03-06,0.0007607329222430777
2023-03-07,-4.529410707503239e-05
2023-03-08,0.00013889750330490044
2023-03-09,-0.0027502518769481304
2023-03-10,0.008159670262033085
2023-03-13,0.004942880149536687
2023-03-14,0.01384773266055939
2023-03-15,0.0057100028271167445
2023-03-16,-0.003406197794666335
2023-03-17,-0.001668244868587143
2023-03-20,-0.0014861944787904053
2023-03-21,0.005702323340553292
2023-03-22,-0.006501397883726059
2023-03-23,0.00879261394300147
2023-03-24,0.0021314667248318393
2023-03-27,-0.0033728560089311414
2023-03-28,-0.004231493512734306
2023-03-29,0.011439145658216613
2023-03-30,0.004265379484521225
2023-03-31,0.007461036737602331
2023-04-03,-0.0011408385577979052
2023-04-04,-0.0015656531993430776
2023-04-05,-0.006570427772397472
2023-04-06,0.004230394091730449
2023-04-10,-0.000316575029375902
2023-04-11,-0.004167360414624443
2023-04-12,-0.007001627625412799
2023-04-13,0.020781707289241287
2023-04-14,-0.0011336422545222822
2023-04-17,0.0008442574549575973
2023-04-18,5.13074903168806e-05
2023-04-19,-0.0004792624811565714
2023-04-20,-0.008444282241524655
2023-04-21,0.001260148802202783
2023-04-24,-0.002702745103984702
2023-04-25,-0.024423564592713807
2023-04-26,0.007709282418660262
2023-04-27,0.03462389002906818
2023-04-28,0.00476599414717089
2023-05-01,-0.0008074501040734902
2023-05-02,-0.008809339129084087
2023-05-03,-0.006372111353658813
2023-05-04,-0.004076194661973865
2023-05-05,0.0212717432634886
2023-05-08,0.0016077698343507833
2023-05-09,0.0004294276677418537
2023-05-10,0.009049549713586867
2023-05-11,0.002134739810718984
2023-05-12,-0.0034942557449118535
2023-05-15,0.005240578394443646
2023-05-16,0.0008642518213203932
2023-05-17,0.01161816658625538
2023-05-18,0.013397118295994664
2023-05-19,-0.001504134994862463
2023-05-22,0.002830162359493104
2023-05-23,-0.010817365825974798
2023-05-24,-0.005896448119718541
2023-05-25,0.022484255260078204
2023-05-26,0.0251731493585094
2023-05-30,0.0027866133222852964
2023-05-31,-0.004556673424302846
2023-06-01,0.009533565842731009
2023-06-02,0.006418301097889736
2023-06-05,0.0006250616930674206
2023-06-06,-0.00016788146691612977
2023-06-07,-0.016686082182343086
2023-06-08,0.012673961469987057
2023-06-09,0.00247534427368996
2023-06-12,0.014023709202515354
2023-06-13,0.004792131133822396
2023-06-14,0.005821048203662674
2023-06-15,0.007468550608329053
2023-06-16,-0.0039488778781565995
2023-06-20,-0.001442678443245669
2023-06-21,-0.011307838173849956
2023-06-22,0.010652759329034952
2023-06-23,-0.006166736005860422
2023-06-26,-0.010240764839936915
2023-06-27,0.01697765912701706
2023-06-28,0.0014394117068860645
2023-06-29,-0.0018680919106605054
2023-06-30,-0.0009908283827330762
2023-07-03,0.003095632892629055
2023-07-05,0.002197372025789798
2023-07-06,0.0037284490236482288
2023-07-07,-0.0023207564774525846
2023-07-10,0.0004113453201160577
2023-07-11,0.004444429908621004
2023-07-12,0.011322123125251079
2023-07-13,0.0037101865947836037
2023-07-14,-0.002185724453987439
2023-07-17,0.0007287044687784399
2023-07-18,0.006428152465777089
2023-07-19,-0.0002118340224793293
2023-07-20,-0.02592214655767482
2023-07-21,-0.003323919209381534
2023-07-24,-0.001077167542428943
2023-07-25,0.0068447032362708325
2023-07-26,-0.003585430357195809
2023-07-27,-0.0031181682454316634
2023-07-28,0.02769292255724955
2023-07-31,0.0005810215080358749
2023-08-01,-0.0028631112483812633
2023-08-02,0.0007985085334708795
2023-08-03,0.0029667257828923754
2023-08-04,-0.005310442492350522
2023-08-07,0.009565750356568993
2023-08-08,-0.00613082920946058
2023-08-09,-0.007631634520576097
2023-08-10,0.0020101458837114587
2023-08-11,-0.006708797651768089
2023-08-14,0.011669669637075105
2023-08-15,-0.008635738002741132
2023-08-16,0.001867967099976408
2023-08-17,0.0006249783883810494
2023-08-18,-0.0018121309998516903
2023-08-21,0.019689875411647084
2023-08-22,-0.0011677178353341113
2023-08-23,0.01996990715901277
2023-08-24,-0.015408133669428354
2023-08-25,0.007321861211231732
2023-08-28,0.0066347378911056736
2023-08-29,0.018493496382534346
2023-08-30,0.002884833713603291
2023-08-31,0.001879125738131285
2023-09-01,-0.0008526334263561123
2023-09-05,0.0010354119258139934
2023-09-06,0.0012250186018518143
2023-09-07,-0.0016400516482558936
2023-09-08,0.0009728412188059306
2023-09-11,0.0008248573632660741
2023-09-12,-0.0006717785101434604
2023-09-13,-0.0005796555200495973
2023-09-14,0.0011091226876472158
2023-09-15,0.0012322031015486604
2023-09-18,-0.0004789823641289179
2023-09-19,-0.001463279509783282
2023-09-20,0.0003780978654751682
2023-09-21,0.0037429359622027807
2023-09-22,9.478144970896394e-05
2023-09-25,0.0035437101298340986
2023-09-26,-0.011320309890711222
2023-09-27,0.001712893080049298
2023-09-28,0.007169325428294978
2023-09-29,-0.00011164105543613845
2023-10-02,0.007073682362923867
2023-10-03,0.00416637204462638
2023-10-04,0.010472149219060188
2023-10-05,-0.0009266904232587395
2023-10-06,0.0029885363071049807
2023-10-09,-0.006678741131328124
2023-10-10,-0.0009714007188239407
2023-10-11,0.0027087783148076767
2023-10-12,-0.004685193027410115
2023-10-13,-0.00306583144858179
2023-10-16,-0.002830036350014868
2023-10-17,-0.0023387743805414335
2023-10-18,0.002173299665757634
2023-10-19,0.00227969034475801
2023-10-20,-0.00271408325285606
2023-10-23,-0.002208238130146843
2023-10-24,0.007068844402217853
2023-10-25,0.004106182827924095
2023-10-26,-0.003559167435362146
2023-10-27,0.0030225940582711695
2023-10-30,0.007043259491965119
2023-10-31,-0.0010160522679589434
2023-11-01,-0.004181049669399617
2023-11-02,0.0029252153463552935
2023-11-03,0.0035840502234760294
2023-11-06,-0.0026769811005829557
2023-11-07,0.0026379753186571105
2023-11-08,0.0018470381499969166
2023-11-09,-0.004503222032536147
2023-11-10,0.0004892579618443119
2023-11-13,-0.0002442689293118734
2023-11-14,0.006717209164793731
2023-11-15,-0.0033074960045615504
2023-11-16,0.003150791120195557
2023-11-17,0.0002760370420263906
2023-11-20,0.008455183510439052
2023-11-21,-0.002996550468013927
2023-11-22,0.0027141844849056527
2023-11-24,-0.0013220109115842477
2023-11-27,-0.0011312372715104725
2023-11-28,0.003290724983840815
2023-11-29,-0.0012384757532366473
2023-11-30,-0.0036725414253760335
2023-12-01,0.0037861062576290175
2023-12-04,-0.011981011463274469
2023-12-05,0.003038759642612795
2023-12-06,-0.00840986996474213
2023-12-07,0.016807386585429632
2023-12-08,0.0048108113067386275
2023-12-11,0.00999073072895755
2023-12-12,0.012993877276514567
2023-12-13,0.020795431603797356
2023-12-14,-0.0017335389643848842
2023-12-15,0.007698452981626452
2023-12-18,-0.0008765325198301314
2023-12-19,0.0007533526766122759
2023-12-20,0.001990606158173938
2023-12-21,-0.0006300632568963893
2023-12-22,-0.00038052032893133564
2023-12-26,0.00025393049018034274
2023-12-27,0.003172392421351414
2023-12-28,-0.0015851019577340037
2023-12-29,-0.001047830691416724
2024-01-02,-0.0015808023308183407
2024-01-03,-0.014880170640398063
2024-01-04,0.0025649734783986643
2024-01-05,0.0015923776132905944
2024-01-08,0.028631524628264415
2024-01-09,0.0019482102786438102
2024-01-10,0.0007029422208630007
2024-01-11,0.002551894438174128
2024-01-12,0.0006455916693707541
2024-01-16,-0.0038056065095832116
2024-01-17,0.0012017572226209754
2024-01-18,0.0010260550409922505
2024-01-19,-4.913939260566158e-05
2024-01-22,0.000741265338836952
2024-01-23,0.004081811895014538
2024-01-24,0.005714365699790154
2024-01-25,0.0017917076954884024
2024-01-26,0.0008618558506733006
2024-01-29,-0.0029046685519033472
2024-01-30,-0.005382445824552203
2024-01-31,-0.022297900106195187
2024-02-01,0.015045397713276589
2024-02-02,0.015347431657938823
2024-02-05,-0.001108723679165817
2024-02-06,-0.0020945186041957577
2024-02-07,0.012588261686898335
2024-02-08,0.002192424335208409
2024-02-09,0.01174212556850376
2024-02-12,-0.0037007633070180834
2024-02-13,-0.02096999336910335
2024-02-14,0.010346903190109936
2024-02-15,0.002251662734873842
2024-02-16,-0.007379551127073818
2024-02-20,-0.0008417098425248904
2024-02-21,-0.004364938361594285
2024-02-22,0.02570541916651561
2024-02-23,-0.0017083367140585956
2024-02-26,-0.0003940987392638161
2024-02-27,0.0015760755353787818
2024-02-28,-0.0018437220801094515
2024-02-29,0.00680207142234415
2024-03-01,0.000988587423414677
2024-03-04,-0.0026186976083812648
2024-03-05,0.0032548404498678163
2024-03-06,0.005344596437287003
2024-03-07,0.012816327932120912
2024-03-08,0.00039134987504512933
2024-03-11,-0.0033498237317424397
2024-03-12,0.009320171056835287
2024-03-13,-0.0015395094097947473
2024-03-14,0.005205358638124455
2024-03-15,0.0011721546737469477
2024-03-18,0.0008077712240947867
2024-03-19,0.0016143192123642645
2024-03-20,-0.001628524064440836
2024-03-21,-7.364241933044053e-05
2024-03-22,-0.0028227591350846585
2024-03-25,-0.001207244573163155
2024-03-26,0.0008709803794224839
2024-03-27,0.0022444195687090014
2024-03-28,-0.000444611711198682
2024-04-01,-0.00702199681607113
2024-04-02,-0.007237628554510171
2024-04-03,0.001846295827930817
2024-04-04,-0.0019356976037093886
2024-04-05,0.003736810496761994
2024-04-08,0.001253497596253711
2024-04-09,-0.002211682677359033
2024-04-10,0.007425401024686477
2024-04-11,0.0007437523605097814
2024-04-12,-0.002222620581224564
2024-04-15,0.0034173571715228647
2024-04-16,7.590213697221166e-05
2024-04-17,-0.010292127316748115
2024-04-18,-0.0046469529433287166
2024-04-19,-0.017819268659407854
2024-04-22,0.00987743103576818
2024-04-23,0.011342951721185681
2024-04-24,-0.0015943088674091196
2024-04-25,0.0020272195376962016
2024-04-26,0.010857249869022865
2024-04-29,-0.0026413593520899473
2024-04-30,-0.0030537416778149955
2024-05-01,-0.0006791125182429036
2024-05-02,-0.003362435642931572
2024-05-03,0.0039840130208743055
2024-05-06,0.0006113812540065971
2024-05-07,0.0018381634162165526
2024-05-08,-0.001980286803974917
2024-05-09,0.002134175701267599
2024-05-10,0.001211964040177289
2024-05-13,0.0017170154916167303
2024-05-14,0.001814982937444158
2024-05-15,0.01018504172972235
2024-05-16,-0.0013506920198168232
2024-05-17,-0.0005139325434735172
2024-05-20,0.008216413653189232
2024-05-21,0.0019148082113790276
2024-05-22,-0.0007870890181442556
2024-05-23,-0.0021706900089027655
2024-05-24,-0.0007932930425114671
2024-05-28,0.0036702147830594447
2024-05-29,-0.005687612842830638
2024-05-30,-0.0030131156438285033
2024-05-31,-0.002821498845563112
2024-06-03,0.0021369768371427224
2024-06-04,0.0023543155374182224
2024-06-05,0.0021375459732837975
2024-06-06,-0.0002489757434915674
2024-06-07,-0.0062087742451169695
2024-06-10,0.0012112563284395964
2024-06-11,0.005080390196978372
2024-06-12,0.0031679739000284794
2024-06-13,0.0037089192159303324
2024-06-14,0.0012887278440462744
2024-06-17,-0.002571527788747631
2024-06-18,0.0023857840723389163
2024-06-20,-0.0013932614693468297
2024-06-21,0.00011642691240773507
2024-06-24,0.00037280629360047937
2024-06-25,0.007469901747149928
2024-06-26,-0.0033335909039338314
2024-06-27,-0.001293059143098153
2024-06-28,0.0030726872534815306
2024-07-01,0.0059799359092662
2024-07-02,0.007491706302853446
2024-07-03,-0.003700070621951663
2024-07-05,-0.003035390494067217
2024-07-08,0.0031440153703778434
2024-07-09,0.0013431105371691182
2024-07-10,0.016431559320556136
2024-07-11,-0.028443468460992886
2024-07-12,0.006129503749424137
2024-07-15,-0.0018958124588352094
2024-07-16,0.0026877810869993003
2024-07-17,0.0005100144343443432
2024-07-18,-0.003546775647037805
2024-07-19,-0.005429809255564828
2024-07-22,0.0005700324951694001
2024-07-23,-0.0016454378895662141
2024-07-24,0.0013497266429948489
2024-07-25,-0.0043426831978343825
2024-07-26,0.004000061527247213
2024-07-29,0.0007693415858636455
2024-07-30,-0.00525743065483684
2024-07-31,0.01121467548964133
2024-08-01,0.0009151052435457666
2024-08-02,0.011346617863058586
2024-08-05,-0.009639019965248814
2024-08-06,0.002943105139171312
2024-08-07,-0.0032778597278375547
2024-08-08,0.009483301887562648
2024-08-09,-0.002597941323198082
2024-08-12,0.0017869653283234769
2024-08-13,0.0028853915991072393
2024-08-14,0.0008658603375686782
2024-08-15,-0.004080478858496979
2024-08-16,-0.001257396610737496
2024-08-19,0.0008592815041476845
2024-08-20,0.002577930835025695
2024-08-21,0.001321021712682582
2024-08-22,-0.0029648256479569337
2024-08-23,0.0029922871083489923
2024-08-26,-0.0008007347346255406
2024-08-27,-0.00026842550999647786
2024-08-28,-0.00033733926447576434
2024-08-29,-0.0011501767728786803
2024-08-30,0.0023198259026584655
2024-09-03,-0.0023889284397004894
2024-09-04,-0.003863821586845827
2024-09-05,0.0016178294535413626
2024-09-06,0.0009857053861870686
2024-09-09,0.0009925564716000482
2024-09-10,0.003365977764912324
2024-09-11,-0.0005034657599506685
2024-09-12,-0.0011517408879510823
2024-09-13,0.0013853819859777406
2024-09-16,0.0019026775804501471
2024-09-17,-0.0013187464027852663
2024-09-18,-0.0031459620572583964
2024-09-19,0.0005805440916384547
2024-09-20,0.00021764630968888117
2024-09-23,0.00044493722465890255
2024-09-24,0.0018683946895391706
2024-09-25,0.003021084793978191
2024-09-26,0.0005617995577104242
2024-09-27,-0.0022644582350157595
2024-09-30,0.001090385720526733
2024-10-01,-0.004280951019434395
2024-10-02,0.000773335787033365
2024-10-03,-0.0004127197195482544
2024-10-04,0.006553005104920322
2024-10-07,-0.007280593434844745
2024-10-08,0.010994566422799095
2024-10-09,0.004631972832501059
2024-10-10,-0.0008303221604989132
2024-10-11,0.0014298717479991512
2024-10-14,0.00770540308974326
2024-10-15,-0.012338980661552356
2024-10-16,9.690589191105972e-05
2024-10-17,0.0004565608573392724
2024-10-18,0.009233475172878576
2024-10-21,0.0023081607362782828
2024-10-22,0.0011111061686246396
2024-10-23,-0.01865081798215781
2024-10-24,0.008015537946635287
2024-10-25,0.0049738476005173225
2024-10-28,0.0014521805253171914
2024-10-29,-0.00030751221000043785
2024-10-30,0.001076977568798197
2024-10-31,0.00040589017564326177
2024-11-01,0.0038497128007285533
2024-11-04,-0.003926765008982655
2024-11-05,-0.0003869162331960881
2024-11-06,0.007553478259523058
2024-11-07,-0.005628826688777888
2024-11-08,-0.0014237919467025766
2024-11-11,-0.0018760735533933882
2024-11-12,0.004271528851635594
2024-11-13,0.0003437221467888447
2024-11-14,5.810010620648247e-05
2024-11-15,-0.00023349715428958416
2024-11-18,0.004206297251712195
2024-11-19,0.004137199826372232
2024-11-20,-0.0008264221247209498
2024-11-21,0.0002954846864909938
2024-11-22,-0.0003547729054367222
2024-11-25,0.0059658656006761936
2024-11-26,-0.001360816501514197
2024-11-27,0.002611157992439636
2024-11-29,0.0027688070383607203
2024-12-02,-0.0020511117898033616
2024-12-03,-0.0018488708620365082
2024-12-04,0.0024711918469613597
2024-12-05,-6.855089182521718e-05
2024-12-06,0.0020563812027181074
2024-12-09,-0.0022381437752446824
2024-12-10,-0.0011559897088521639
2024-12-11,0.0019180511462411729
2024-12-12,0.0024682175937940213
2024-12-13,0.00303429394622016
2024-12-16,-0.00020610996288327932
2024-12-17,-0.0
2024-12-18,0.007067798715678161
2024-12-19,0.002214754261840984
2024-12-20,-0.0017982910376201416
2024-12-23,0.006272075362969621
2024-12-24,-0.0002635462819219295
2024-12-26,-0.0003688297774346196
2024-12-27,0.0015793765247852111
2024-12-30,-0.0035643722605426744
2024-12-31,-0.005020668502335746
2025-01-02,-0.0003369930866648801
2025-01-03,-0.0008114277672797472
2025-01-06,0.0007319541708593116
2025-01-07,0.00343615577925506
2025-01-08,-0.00130483190970479
2025-01-10,0.00544062199343235
2025-01-13,0.00128128721291979
2025-01-14,-0.0005434588493043777
2025-01-15,-0.007852114364357012
2025-01-16,0.0016889786792480621
2025-01-17,0.0005346495304842157
2025-01-21,0.0024220196202026116
2025-01-22,-0.001546810001273634
2025-01-23,-0.0015499955203263187
2025-01-24,0.0012317523935231978
2025-01-27,0.003875710546025271
2025-01-28,0.008464574388131757
2025-01-29,-0.0008304204426619993
2025-01-30,0.0015120735485878354
2025-01-31,-0.0009405637420063148
2025-02-03,-0.0014971337453624077
2025-02-04,0.00713600260124787
2025-02-05,0.00354700616566716
2025-02-06,-0.0007448169916895415
2025-02-07,-0.002176923292444206
2025-02-10,-0.00014051109129992615
2025-02-11,-0.0015181044099418044
2025-02-12,0.004612271693541856
2025-02-13,0.009200560710516526
2025-02-14,-0.0026502991249320452
2025-02-18,-0.0033523487163773505
2025-02-19,0.00020562993121895514
2025-02-20,-0.0012650715913377977
2025-02-21,0.003649657191132449
2025-02-24,-0.01175145983079579
2025-02-25,-0.008358435314381376
2025-02-26,0.0017115978131750612
2025-02-27,-0.000721206424970335
2025-02-28,0.010916669709162875
2025-03-03,0.0004574674046940146
2025-03-04,-0.0018336467411984257
2025-03-05,0.007964388528744882
2025-03-06,-0.00032789938309469647
2025-03-07,0.0041070049460291925
2025-03-10,-0.021514855232693794
2025-03-11,-0.0011558282005848992
2025-03-12,0.005636125602541584
2025-03-13,-0.008725307843331274
2025-03-14,0.011570708852370732
2025-03-17,-0.0006208389222450369
2025-03-18,-0.0008527385701950285
2025-03-19,0.002244438050054235
2025-03-20,0.0011509079632899782
2025-03-21,-0.0006657398220721907
2025-03-24,-0.004603825226058812
2025-03-25,-0.001335352510493804
2025-03-26,0.0018313155212305696
2025-03-27,0.0006646868706132365
2025-03-28,-0.00634681353607041
2025-03-31,0.002282312257171902
2025-04-01,0.0035816004785751547
2025-04-02,-0.0007309322725793951
2025-04-03,0.007977463073274994
2025-04-04,-0.023765639962135415
2025-04-07,0.0009049826064067845
2025-04-08,-0.006753242713283564
2025-04-09,0.0450116173466438
2025-04-10,0.004367482960532763
2025-04-11,0.003867313077813496
2025-04-14,-0.005670832353602506
2025-04-15,-0.002048459922394273
2025-04-16,-0.0029819318648154312
2025-04-17,-4.726762762656821e-05
2025-04-21,0.0036902029187271426
2025-04-22,0.006891151065251779
2025-04-23,-0.0007202245618848656
2025-04-24,0.003730165495343628
2025-04-25,0.0025890779242002926
2025-04-28,0.0027116403923359124
2025-04-29,0.0023357617599030303
2025-04-30,0.001056055347251201
2025-05-01,0.00342842137016063
2025-05-02,-0.004433861670555084
2025-05-05,0.001176561988737477
2025-05-06,-0.001385523548928305
2025-05-07,0.00042498605728162695
2025-05-08,0.0011357568779442229
2025-05-09,-0.00013857860560331087
2025-05-12,0.012847530803096535
2025-05-13,0.0025525348939306938
2025-05-14,0.0014827946374567627
2025-05-15,0.00018148959362373227
2025-05-16,0.001441648244474374
2025-05-19,0.000228850099773159
2025-05-20,-0.001144297384606732
2025-05-21,-0.00509421272526931
2025-05-22,0.0010518099680584523
2025-05-23,-0.005018441606334476
2025-05-27,0.012080657211940758
2025-05-28,-0.001513370597085788
2025-05-29,0.0010882074185117345
2025-05-30,-0.0007009953371933417
2025-06-02,0.002676206185514367
2025-06-03,0.0027635685706902907
2025-06-04,0.0013415118760843202
2025-06-05,-0.003879959699883657
2025-06-06,0.004776674953611546
2025-06-09,0.0007210026927918424
2025-06-10,0.0032585791372881194
2025-06-11,-0.0027861584458721556
2025-06-12,0.002606488138579148
2025-06-13,-0.014160104964405028
2025-06-16,0.013572148135379056
2025-06-17,-0.00855552158676689
2025-06-18,-0.00013871095523575687
2025-06-20,-0.0033659256824700697
2025-06-23,0.009642986421908112
2025-06-24,0.011209400910934772
2025-06-25,0.0022331314262608714
2025-06-26,0.011440928038334297
2025-06-27,0.003162541145896503
2025-06-30,0.005982859355130073
2025-07-01,-0.007813354018763529
2025-07-02,0.007854044908966202
2025-07-03,0.0094222474124498
2025-07-07,-0.008181053628026597
2025-07-08,0.0006099234020146027
2025-07-09,0.008016825546279372
2025-07-10,-0.0015991368706008932
2025-07-11,-0.0025136790000424816
2025-07-14,0.00408823043812314
2025-07-15,0.0008687193191883467
2025-07-16,0.0016177666781490808
2025-07-17,0.012811712348316477
2025-07-18,-0.0014267430704682468
2025-07-21,0.008844541655297685
2025-07-22,-0.009150347476937715
2025-07-23,0.009122724023773898
2025-07-24,0.004256715531649302
2025-07-25,0.004559538110958789
2025-07-28,0.0062501524621438875
2025-07-29,-0.0030975426361463665
2025-07-30,0.002679476571964212
2025-07-31,-0.01059816628633925
2025-08-01,-0.039397486479274324
2025-08-04,0.0369030583001515
2025-08-05,-0.011596153758842377
2025-08-06,0.025166304427654662
2025-08-07,0.004427502511855394
2025-08-08,0.012211679936364309
2025-08-11,-0.0041117606479904025
2025-08-12,0.020385857732942762
2025-08-13,0.0006179947104218873
2025-08-14,-0.0011454595333697563
2025-08-15,-0.006660271100007875
2025-08-18,-0.0005901433320177145
2025-08-19,-0.02028123119690936
2025-08-20,-0.009188168299619558
2025-08-21,-0.006000876705223806
2025-08-22,0.01976199989025781
2025-08-25,-0.002603168758988104
2025-08-26,0.004462588852107954
2025-08-27,0.0013755205341638196
2025-08-28,0.006917490107501618
2025-08-29,-0.010408863724289211
2025-09-02,-0.011050331951785359
2025-09-03,0.01029763316760968
2025-09-04,0.014105159563018417
2025-09-05,0.0020137600448799134
2025-09-08,0.008108301694522264
2025-09-09,0.004960177933292582
2025-09-10,0.0004895937468421029
2025-09-11,0.0012173696419881077
2025-09-12,0.008714095087592803
2025-09-15,0.016643221632013813
2025-09-16,-0.0013636617128087532
2025-09-17,-0.0037624600450453824
2025-09-18,0.018033760783035646
2025-09-19,0.013538823340268014
2025-09-22,0.01183985460765502
2025-09-23,-0.013284623048821054
2025-09-24,-0.007021063189568855
2025-09-25,0.001762398180939906
2025-09-26,0.000428575745691838
2025-09-29,-0.0024116617325001233
2025-09-30,0.0003456930879247523
2025-10-01,0.009594083648416962
2025-10-02,0.008222130128471061
2025-10-03,-0.00841959288792049
2025-10-06,0.015020391922809573
2025-10-07,-0.010531338961017767
2025-10-08,0.022927660419182594
2025-10-09,-0.0024205155043830473
2025-10-10,-0.005550993279030158
2025-10-13,0.026630690778957
2025-10-14,-0.004680803185090406
2025-10-15,-0.000984526897019628
2025-10-16,0.00404710077953916
2025-10-17,-0.0014301634795459413
2025-10-20,0.0011631317646325105
2025-10-21,0.001612686564673803
2025-10-22,-0.0081189433783371
2025-10-23,0.006808938573074926
2025-10-24,0.0066549452631874196
2025-10-27,0.013854274222812196
2025-10-28,0.004160343173293032
2025-10-29,0.0031644506091892794
2025-10-30,-0.008184717067220336
2025-10-31,-0.00038520912191732163
2025-11-03,0.0033725025543725803
2025-11-04,-0.0011494261013627043
2025-11-05,0.003660999098283832
2025-11-06,-0.004579865060970793
2025-11-07,-0.00036694132189225886
2025-11-10,0.0012070151166347584
2025-11-11,-0.0017552526702716792
2025-11-12,0.0001845512266200922
2025-11-13,-0.002597090910292148
2025-11-14,0.0014753985858042102
2025-11-17,-0.005816419021324591
2025-11-18,-0.001533206632501384
2025-11-19,0.00366973788120884
2025-11-20,-0.0022212850842704907
2025-11-21,0.004339817622190942
2025-11-24,0.014935882187452244
2025-11-25,0.002374767561251592
2025-11-26,0.0007924739428605918
2025-11-28,-0.0017029263436416603
2025-12-01,-0.008275856151918412
2025-12-02,-0.0007765302840064563
2025-12-03,-0.0019607296714219923
2025-12-04,0.002939365702967599
2025-12-05,0.001960735669017287
