Time,Open,High,Low,Latest,Volume
1/4/21,375.31,375.45,364.82,368.79,110210800
1/5/21,368.1,372.5,368.05,371.33,66426200
1/6/21,369.71,376.98,369.12,373.55,107997600
1/7/21,376.1,379.9,375.91,379.1,68766800
1/8/21,380.59,381.49,377.1,381.26,71677200
1/11/21,377.85,380.58,377.7189,378.69,51176700
1/12/21,378.89,379.86,376.36,378.77,52547700
1/13/21,378.69,380.86,377.85,379.79,45303600
1/14/21,380.59,381.13,378.1,378.46,49989100
1/15/21,376.72,377.58,373.7,375.7,107159904
1/19/21,378.34,379.23,376.75,378.65,51233300
1/20/21,381.11,384.79,380.69,383.89,61836000
1/21/21,384.49,384.95,383.25,384.24,47955800
1/22/21,382.25,384.1256,381.835,382.88,52136900
1/25/21,383.67,384.77,378.46,384.39,70401904
1/26/21,385.41,385.85,383.54,383.79,42665200
1/27/21,380.22,380.32,372.01,374.41,123351000
1/28/21,376.36,381.93,375.89,377.63,94198096
1/29/21,375.63,376.67,368.27,370.07,126765104
2/1/21,373.72,377.34,370.376,376.23,75817600
2/2/21,379.65,383.22,376.3181,381.55,64450600
2/3/21,382.43,383.7,380.48,381.85,52427000
2/4/21,382.96,386.24,381.9655,386.19,47142500
2/5/21,388.2,388.47,386.1444,387.71,48669700
2/8/21,389.27,390.56,388.35,390.51,38365100
2/9/21,389.61,390.89,389.17,390.25,35551000
2/10/21,392.12,392.28,387.5,390.08,59154300
2/11/21,391.24,391.69,388.1,390.71,42913200
2/12/21,389.85,392.9,389.77,392.64,50593200
2/16/21,393.96,394.17,391.53,392.3,50972300
2/17/21,390.42,392.66,389.33,392.39,52806600
2/18/21,389.59,391.515,387.74,390.72,59712700
2/19/21,392.07,392.38,389.55,390.03,83240896
2/22/21,387.06,389.62,386.74,387.03,67414096
2/23/21,384.66,388.945,380.2,387.5,107284096
2/24/21,386.33,392.23,385.27,391.77,72433904
2/25/21,390.41,391.88,380.7789,382.33,146670496
2/26/21,384.35,385.58,378.23,380.36,152701600
3/1/21,385.59,390.92,380.572,389.58,105348800
3/2/21,389.82,390.07,386,386.54,79595296
3/3/21,385.79,386.83,381.31,381.42,119940200
3/4/21,381.22,384,371.88,376.7,183432992
3/5/21,380.46,384.76,372.64,383.63,152039600
3/8/21,384.66,387.68,381.42,381.72,123149200
3/9/21,385.85,389.91,381.7299,387.17,113633504
3/10/21,389.69,391.4,388.1702,389.58,109899400
3/11/21,392.23,395.65,391.74,393.53,86245000
3/12/21,392.07,394.21,391.2,394.06,64653500
3/15/21,394.33,396.685,392.03,396.41,73592304
3/16/21,397.07,397.83,395.08,395.91,73722496
3/17/21,394.53,398.12,393.3,397.26,97959200
3/18/21,394.48,396.72,390.75,391.48,115349104
3/19/21,389.88,391.569,387.15,389.48,113624400
3/22/21,390.03,394.07,389.97,392.59,73778600
3/23/21,391.91,393.46,388.66,389.5,90686496
3/24/21,391,392.75,387.47,387.52,97588600
3/25/21,385.98,390.55,383.9,389.7,116128600
3/26/21,390.93,396.41,390.29,395.98,114409104
3/29/21,394.4,396.75,392.81,395.78,108107600
3/30/21,394.42,395.45,393.02,394.73,76262200
3/31/21,395.34,398,395.31,396.33,112734200
4/1/21,398.4,400.67,398.18,400.61,99682800
4/5/21,403.46,406.94,403.38,406.36,91684704
4/6/21,405.76,407.24,405.4,406.12,62020900
4/7/21,405.94,406.96,405.45,406.59,55836200
4/8/21,407.93,408.58,406.93,408.52,57863100
4/9/21,408.39,411.67,408.26,411.49,61104500
4/12/21,410.85,411.93,410.2,411.64,56704900
4/13/21,411.53,413.529,411.12,412.86,56550900
4/14/21,412.83,413.96,410.87,411.45,61659900
4/15/21,413.74,416.16,413.69,415.87,60229800
4/16/21,417.25,417.91,415.73,417.26,82037200
4/19/21,416.26,416.74,413.79,415.21,78498400
4/20/21,413.91,415.0859,410.59,412.17,81851800
4/21/21,411.51,416.29,411.36,416.07,66792900
4/22/21,415.89,416.78,411.13,412.27,97582704
4/23/21,412.87,418.25,412.79,416.74,73276096
4/26/21,417.44,418.22,416.8111,417.61,52182300
4/27/21,417.93,418.14,416.3,417.52,51303000
4/28/21,417.81,419.01,416.9,417.4,51238800
4/29/21,420.32,420.72,416.44,420.06,78544304
4/30/21,417.63,418.54,416.34,417.3,85527000
5/3/21,419.43,419.84,417.665,418.2,68128200
5/4/21,416.07,416.6,411.67,415.62,101591104
5/5/21,417.38,417.63,414.94,415.75,60284600
5/6/21,415.83,419.21,413.675,419.07,74321296
5/7/21,419.89,422.815,419.16,422.12,67733696
5/10/21,422.5,422.74,417.81,417.94,81852400
5/11/21,413.1,415.27,410.06,414.21,116887904
5/12/21,411.23,412.59,404,405.41,134811008
5/13/21,407.07,412.35,407.02,410.28,106393904
5/14/21,413.21,417.49,413.18,416.58,82201600
5/17/21,415.39,416.39,413.36,415.52,65129200
5/18/21,415.8,416.06,411.77,411.94,59810200
5/19/21,406.92,411.05,405.33,410.86,106467000
5/20/21,411.8,416.625,411.67,415.28,78022200
5/21/21,416.87,418.2,414.45,414.94,76578600
5/24/21,417.34,420.32,417.08,419.17,51376700
5/25/21,420.33,420.71,417.62,418.24,57451300
5/26/21,418.87,419.61,417.76,419.07,43088600
5/27/21,420.17,420.72,418.9851,419.29,56707600
5/28/21,420.97,421.25,419.79,420.04,58520100
6/1/21,422.57,422.72,419.2,419.67,54216600
6/2/21,420.37,421.23,419.29,420.33,49097000
6/3/21,417.85,419.99,416.28,418.77,58138700
6/4/21,420.75,422.92,418.8422,422.6,55938700
6/7/21,422.59,422.78,421.19,422.19,51555000
6/8/21,423.11,423.21,420.32,422.28,47134200
6/9/21,423.18,423.26,421.41,421.65,48436300
6/10/21,422.96,424.63,421.55,423.61,51020100
6/11/21,424.2,424.43,422.82,424.31,45570800
6/14/21,424.43,425.37,423.1,425.26,42358400
6/15/21,425.42,425.46,423.54,424.48,51508500
6/16/21,424.63,424.87,419.92,422.11,80386000
6/17/21,421.67,423.02,419.32,421.97,90949600
6/18/21,417.09,417.8281,414.7,414.92,118676304
6/21/21,416.8,421.06,415.93,420.86,72822000
6/22/21,420.85,424,420.08,423.11,57700300
6/23/21,423.19,424.05,422.51,422.6,49445400
6/24/21,424.89,425.55,424.62,425.1,45110200
6/25/21,425.9,427.0943,425.55,426.61,58129500
6/28/21,427.17,427.65,425.89,427.47,53159500
6/29/21,427.88,428.56,427.13,427.7,35970500
6/30/21,427.21,428.78,427.18,428.06,64827800
7/1/21,428.87,430.6,428.8,430.43,53441000
7/2/21,431.67,434.1,430.5218,433.72,57697600
7/6/21,433.78,434.01,430.01,432.93,68710400
7/7/21,433.66,434.76,431.51,434.46,63549400
7/8/21,428.78,431.73,427.52,430.92,97595200
7/9/21,432.53,435.84,430.714,435.52,76238496
7/12/21,435.43,437.35,434.97,437.08,52889500
7/13/21,436.24,437.84,435.31,435.59,52911300
7/14/21,437.4,437.92,434.91,436.24,64130300
7/15/21,434.81,435.53,432.72,434.75,55126300
7/16/21,436.01,436.06,430.92,431.34,75874600
7/19/21,426.19,431.4089,421.97,424.97,147987008
7/20/21,425.68,432.42,424.83,431.06,99608096
7/21/21,432.34,434.7,431.0111,434.55,64724300
7/22/21,434.74,435.72,433.69,435.46,47878500
7/23/21,437.52,440.3,436.79,439.94,63766600
7/26/21,439.31,441.03,439.26,441.02,43719100
7/27/21,439.91,439.94,435.99,439.01,67397104
7/28/21,439.68,440.3,437.31,438.83,52472300
7/29/21,439.815,441.8,439.81,440.65,47435300
7/30/21,437.91,440.06,437.77,438.51,68951200
8/2/21,440.34,440.93,437.21,437.59,58783200
8/3/21,438.44,441.28,436.1,441.15,58053800
8/4/21,439.78,441.1243,438.73,438.98,46732200
8/5/21,440.22,441.85,439.88,441.76,38969600
8/6/21,442.1,442.94,441.8,442.49,46930000
8/9/21,442.46,442.795,441.31,442.13,41222500
8/10/21,442.61,443.44,441.88,442.68,43339200
8/11/21,443.82,443.882,442.62,443.78,44034300
8/12/21,443.62,445.2572,442.66,445.11,38942400
8/13/21,445.59,445.94,445.07,445.92,39470200
8/16/21,444.53,447.11,442.87,446.97,73930800
8/17/21,444.24,444.96,440.85,444.04,92673904
8/18/21,442.96,444.625,438.92,439.18,89351904
8/19/21,436.27,441.14,436.12,439.86,92812200
8/20/21,440.23,443.71,439.71,443.36,72008704
8/23/21,445.16,448.23,443.4355,447.26,54973000
8/24/21,447.97,448.54,447.42,447.97,38744700
8/25/21,448.17,449.457,447.77,448.91,40529700
8/26/21,448.61,448.86,446.16,446.26,57829500
8/27/21,447.12,450.65,447.06,450.25,77235104
8/30/21,450.97,453.07,450.71,452.23,48357300
8/31/21,452.13,452.49,450.92,451.56,59300200
9/1/21,452.56,453.11,451.545,451.8,48721300
9/2/21,453.32,454.05,451.91,453.19,42830800
9/3/21,451.98,453.63,451.55,453.08,47234300
9/7/21,452.71,452.81,450.7423,451.46,51671500
9/8/21,450.89,451.67,448.86,450.91,56181900
9/9/21,450.7,452.57,448.72,448.98,57970400
9/10/21,451.04,451.49,445.31,445.44,89948100
9/13/21,448.64,448.92,444.11,446.58,83738600
9/14/21,448.12,448.34,443.22,444.17,78197100
9/15/21,444.62,448.41,443.44,447.88,78792200
9/16/21,447.32,448.36,444.02,447.17,77786700
9/17/21,444.92,445.37,441.02,441.4,118425000
9/20/21,434.88,436.56,428.86,434.04,166445500
9/21/21,436.53,437.91,433.07,433.63,92526100
9/22/21,436.05,440.03,433.747,437.86,102350100
9/23/21,439.85,444.89,439.6,443.18,76395900
9/24/21,441.44,444.67,441.21,443.91,62094800
9/27/21,442.81,444.05,441.9,442.64,61371100
9/28/21,439.69,440.04,432.94,433.72,130436300
9/29/21,435.19,437.04,433.85,434.45,82329200
9/30/21,436.02,436.77,428.78,429.14,140505900
10/1/21,430.98,436.0329,427.23,434.24,129240100
10/4/21,433,433.96,426.36,428.64,128569900
10/5/21,430.24,435.49,429.39,433.1,90682500
10/6/21,429.27,435.1199,427.54,434.9,113032200
10/7/21,438.39,441.68,438.2,438.66,72437500
10/8/21,439.48,439.89,437.19,437.86,74557400
10/11/21,437.16,440.26,434.62,434.69,65233200
10/12/21,435.67,436.1,432.78,433.62,71181100
10/13/21,434.71,436.05,431.54,435.18,72973900
10/14/21,439.08,442.66,438.58,442.5,70236800
10/15/21,444.75,446.26,444.09,445.87,66260200
10/18/21,443.97,447.55,443.27,447.19,62213200
10/19/21,448.92,450.71,448.27,450.64,46996800
10/20/21,451.13,452.732,451.01,452.41,49571500
10/21/21,451.77,453.829,451.31,453.59,41305400
10/22/21,453.13,454.67,451.05,453.12,58845000
10/25/21,454.28,455.9,452.39,455.55,45214500
10/26/21,457.2,458.49,455.56,455.96,56075100
10/27/21,456.45,457.16,453.86,453.94,72438000
10/28/21,455.46,458.4,455.45,458.32,51437900
10/29/21,455.87,459.56,455.56,459.25,70162400
11/1/21,460.3,460.7021,458.2,460.04,48433600
11/2/21,460.22,462.23,460.08,461.9,48908400
11/3/21,461.3,465.15,460.83,464.72,52509800
11/4/21,465.36,467,464.99,466.91,52847000
11/5/21,469.28,470.65,466.92,468.53,66390500
11/8/21,469.7,470.23,468.2031,468.93,50405100
11/9/21,469.32,469.57,465.88,467.38,51149100
11/10/21,465.58,467.38,462.04,463.62,69429600
11/11/21,465.21,465.29,463.75,463.77,34848400
11/12/21,465.12,467.86,464.11,467.27,53466600
11/15/21,468.64,468.81,466.23,467.43,46980400
11/16/21,467.15,470.485,467.07,469.28,48857500
11/17/21,469,469.19,467.48,468.14,47858200
11/18/21,469.24,470.01,466.34,469.73,50625600
11/19/21,469.61,470.94,468.5,468.89,57315500
11/22/21,470.89,473.54,467.35,467.57,72761900
11/23/21,467.22,469.095,464.45,468.19,73206500
11/24/21,466.06,469.57,465.19,469.44,61858800
11/26/21,462.34,463.9,457.77,458.97,112669600
11/29/21,464.07,466.56,461.73,464.6,86268800
11/30/21,462,464.03,455.3,455.56,148559600
12/1/21,461.64,464.67,450.29,450.5,132485800
12/2/21,450.73,459.07,450.31,457.4,127637700
12/3/21,459.17,460.3,448.92,453.42,137331600
12/6/21,456.13,460.79,453.56,458.79,98977500
12/7/21,464.41,468.88,458.6546,468.28,95484600
12/8/21,468.7,470,466.83,469.52,72238700
12/9/21,468.15,469.6291,466.14,466.35,61272500
12/10/21,469.23,470.9,466.51,470.74,77159700
12/13/21,470.19,470.56,466.27,466.57,87724600
12/14/21,463.09,465.74,460.25,463.36,97264100
12/15/21,463.42,470.86,460.74,470.6,116899200
12/16/21,472.57,472.87,464.8,466.45,116568600
12/17/21,461.55,464.74,458.06,459.87,135636500
12/20/21,454.48,455.4,451.14,454.98,107134800
12/21/21,458.61,463.21,456.31,463.06,69806200
12/22/21,462.79,467.81,462.58,467.69,58890200
12/23/21,468.75,472.19,468.64,470.6,56439700
12/27/21,472.06,477.31,472.01,477.26,56808600
12/28/21,477.72,478.81,476.06,476.87,47274500
12/29/21,476.98,478.56,475.92,477.48,54502900
12/30/21,477.93,479,475.67,476.16,55329000
12/31/21,475.64,476.86,474.67,474.96,65237400
1/3/22,476.3,477.85,473.85,477.71,72668200
1/4/22,479.22,479.98,475.58,477.55,71178600
1/5/22,477.16,477.98,468.2801,468.38,104538900
1/6/22,467.89,470.82,465.43,467.94,86858800
1/7/22,467.95,469.2,464.65,466.09,85111500
1/10/22,462.7,465.74,456.5973,465.51,119361900
1/11/22,465.23,469.85,462.05,469.75,74303000
1/12/22,471.59,473.2,468.94,471.02,67605400
1/13/22,472.19,472.88,463.44,464.53,91173100
1/14/22,461.19,465.09,459.9,464.72,95890900
1/18/22,459.74,459.96,455.31,456.49,109872300
1/19/22,458.13,459.6124,451.46,451.75,109357500
1/20/22,453.75,458.74,444.5,446.75,122379700
1/21/22,445.56,448.06,437.95,437.98,202271200
1/24/22,432.03,440.38,420.76,439.84,252496700
1/25/22,433.06,439.72,427.15,434.47,167997300
1/26/22,440.72,444.04,428.86,433.38,186391100
1/27/22,438.26,441.59,429.45,431.24,149878300
1/28/22,432.68,442,427.82,441.95,164457300
1/31/22,441.24,450.28,439.81,449.91,152251400
2/1/22,450.68,453.63,446.9384,452.95,123155300
2/2/22,455.5,458.12,453.05,457.35,117360900
2/3/22,450.95,452.97,445.71,446.6,118024400
2/4/22,446.35,452.78,443.83,448.7,118454300
2/7/22,449.51,450.99,445.85,447.26,84472800
2/8/22,446.73,451.92,445.22,450.94,81012000
2/9/22,455.22,457.88,455.005,457.54,92589900
2/10/22,451.34,457.71,447.2,449.32,140103700
2/11/22,449.41,451.605,438.94,440.46,153214600
2/14/22,439.92,441.6,435.34,439.02,123006200
2/15/22,443.73,446.28,443.18,446.1,88659500
2/16/22,443.93,448.055,441.94,446.6,84863500
2/17/22,443.22,446.5652,436.42,437.06,102259100
2/18/22,437.33,438.66,431.82,434.23,132642900
2/22/22,431.89,435.5,425.86,429.57,124391800
2/23/22,432.66,433.26,421.35,421.95,132578000
2/24/22,411.02,428.76,410.64,428.3,213942900
2/25/22,429.61,437.84,427.86,437.75,121804400
2/28/22,432.03,438.2,430.7,436.63,145615000
3/1/22,435.04,437.17,427.11,429.98,137785900
3/2/22,432.37,439.72,431.57,437.89,117726500
3/3/22,440.47,441.11,433.8,435.71,105501700
3/4/22,431.75,433.37,427.88,432.17,114083200
3/7/22,431.55,432.3018,419.36,419.43,137896500
3/8/22,419.62,427.21,415.12,416.25,164772700
3/9/22,425.14,429.51,422.82,427.41,116990700
3/10/22,422.52,426.43,420.44,425.48,93972600
3/11/22,428.12,428.77,419.53,420.07,95699948
3/14/22,420.89,424.55,415.79,417,95729100
3/15/22,419.77,426.84,418.42,426.17,106219100
3/16/22,429.89,435.68,424.8,435.62,144954800
3/17/22,433.59,441.07,433.19,441.07,102676800
3/18/22,438,444.86,437.22,444.52,106345500
3/21/22,444.34,446.46,440.68,444.39,88349700
3/22/22,445.86,450.58,445.86,449.59,74650300
3/23/22,446.91,448.49,443.71,443.8,79426100
3/24/22,445.94,450.5,444.76,450.49,64736800
3/25/22,451.16,452.98,448.43,452.69,77101300
3/28/22,452.06,455.91,450.06,455.91,68529700
3/29/22,460.02,462.07,457.18,461.55,86581500
3/30/22,460.34,461.195,456.465,458.7,79666900
3/31/22,457.89,458.76,451.16,451.64,121699900
4/1/22,453.31,453.46,449.14,452.92,89048700
4/4/22,453.13,456.91,452.26,456.8,59601000
4/5/22,455.22,457.83,449.82,451.03,74214500
4/6/22,446.89,448.93,443.47,446.52,106897900
4/7/22,445.59,450.69,443.53,448.77,78097200
4/8/22,447.97,450.63,445.94,447.57,79272700
4/11/22,444.11,445,439.39,439.92,89770500
4/12/22,443.08,445.75,436.6501,438.29,84363600
4/13/22,438.03,444.11,437.84,443.31,74070300
4/14/22,443.55,444.7301,437.68,437.79,97869400
4/18/22,436.81,439.75,435.61,437.97,66002500
4/19/22,437.86,445.8,437.68,445.04,77821000
4/20/22,446.92,447.57,443.48,444.71,65224400
4/21/22,448.54,450.01,437.1,438.06,85417300
4/22/22,436.91,438.0825,425.44,426.04,132471700
4/25/22,423.67,428.69,418.84,428.51,119647700
4/26/22,425.83,426.04,416.07,416.1,103996300
4/27/22,417.24,422.92,415.01,417.27,122029900
4/28/22,422.29,429.64,417.6,427.81,105449000
4/29/22,423.59,425.87,411.21,412,145491000
5/2/22,412.07,415.92,405.02,414.48,158312500
5/3/22,415.01,418.93,413.36,416.38,100028100
5/4/22,417.08,429.66,413.7099,429.06,144247800
5/5/22,424.55,425,409.44,413.81,172929100
5/6/22,411.1,414.8,405.73,411.34,151770800
5/9/22,405.1,406.41,396.5,398.17,155586000
5/10/22,404.49,406.08,394.82,399.09,132497200
5/11/22,398.07,404.04,391.96,392.75,142361000
5/12/22,389.37,395.8,385.15,392.34,125090700
5/13/22,396.71,403.18,395.61,401.72,104174400
5/16/22,399.98,403.97,397.6,400.09,78622400
5/17/22,406.53,408.57,402.5824,408.32,83029700
5/18/22,403.5,403.8,390.55,391.86,117674500
5/19/22,388.62,394.14,387.11,389.46,98510700
5/20/22,393.25,397.03,380.54,389.63,131432200
5/23/22,392.83,397.73,390.38,396.92,76414800
5/24/22,392.56,395.15,386.96,393.89,91448800
5/25/22,392.31,399.45,391.89,397.37,91472800
5/26/22,398.67,407.04,398.45,405.31,82168300
5/27/22,407.91,415.3801,407.7,415.26,84768700
5/31/22,413.55,416.46,410.03,412.93,95936900
6/1/22,415.17,416.24,406.93,409.59,86585800
6/2/22,409.42,417.44,407.04,417.39,79609600
6/3/22,412.4,414.04,409.51,410.54,71874200
6/6/22,414.78,416.609,410.5523,411.79,57508800
6/7/22,408.1,416.22,407.61,415.74,59272300
6/8/22,413.93,415.82,410.38,411.22,64349900
6/9/22,409.34,411.74,401.44,401.44,86289700
6/10/22,394.88,395.7777,389.75,389.8,132893800
6/13/22,379.85,381.81,373.3,375,170004800
6/14/22,376.85,377.94,370.59,373.87,104011800
6/15/22,377.36,383.9,372.12,379.2,125666800
6/16/22,370.51,370.94,364.0799,366.65,134473200
6/17/22,365.51,369.38,362.17,365.86,111113900
6/21/22,371.89,376.525,371.81,375.07,76811800
6/22/22,370.62,378.72,370.18,374.39,90059400
6/23/22,376.64,378.83,372.89,378.06,79292100
6/24/22,381.4,390.09,381.365,390.08,98050300
6/27/22,391.05,391.36,387.44,388.59,66009600
6/28/22,390.23,393.16,380.53,380.65,86689800
6/29/22,381.23,382.27,378.42,380.34,65676000
6/30/22,376.24,380.6582,372.56,377.25,112508200
7/1/22,376.56,381.7,373.8,381.24,74839700
7/5/22,375.88,381.98,372.9,381.96,81437900
7/6/22,382.11,385.87,379.6,383.25,70426200
7/7/22,385.12,389.83,383.267,388.99,64525900
7/8/22,387.27,390.64,385.66,388.67,72397700
7/11/22,385.85,386.87,383.5,384.23,58366900
7/12/22,383.65,386.16,378.99,380.83,62219100
7/13/22,375.1,381.92,374.658,378.83,84224600
7/14/22,373.61,379.0498,371.04,377.91,89704800
7/15/22,382.55,385.25,380.54,385.13,79060300
7/18/22,388.38,389.09,380.66,381.95,63203600
7/19/22,386.08,392.87,385.39,392.27,78505900
7/20/22,392.47,396.26,391.03,394.77,71843700
7/21/22,394.16,398.84,391.63,398.79,64903800
7/22/22,398.92,400.18,392.75,395.09,72197300
7/25/22,395.75,396.47,393.21,395.57,53631400
7/26/22,393.84,394.06,389.95,390.89,52946300
7/27/22,394.36,402.88,394.05,401.04,82342100
7/28/22,401.89,406.8,398.15,406.07,73966500
7/29/22,407.58,413.03,406.77,411.99,87003600
8/1/22,409.15,413.41,408.4,410.77,69997400
8/2/22,409.12,413,406.82,408.06,63435400
8/3/22,410.3,415.68,410,414.45,67820500
8/4/22,414.37,415.09,412.44,414.17,45656500
8/5/22,409.66,414.15,409.6,413.47,56814900
8/8/22,415.25,417.62,411.83,412.99,54025900
8/9/22,412.22,412.75,410.22,411.35,44931700
8/10/22,418.78,420.14,416.72,419.99,68665700
8/11/22,422.99,424.95,419.21,419.99,59489700
8/12/22,422.03,427.21,421.03,427.1,61694500
8/15/22,424.77,429.41,424.71,428.86,54048200
8/16/22,427.73,431.73,426.88,429.7,59289000
8/17/22,425.91,429.5,424.54,426.65,63563300
8/18/22,426.86,428.61,425.5,427.89,49023200
8/19/22,424.98,425.26,421.22,422.14,68016900
8/22/22,417.05,417.23,412.4,413.35,77695600
8/23/22,412.9,415.42,411.77,412.35,49105200
8/24/22,412.11,415.1101,411.39,413.67,49177800
8/25/22,415.24,419.56,414.09,419.51,50942200
8/26/22,419.39,419.96,405.25,405.31,103086900
8/29/22,402.2,405.84,401.1999,402.63,65370800
8/30/22,403.85,404.1,396,398.21,85652400
8/31/22,399.93,401.24,395.04,395.18,76029600
9/1/22,392.89,396.78,390.04,396.42,78740000
9/2/22,400.28,401.555,390.33,392.24,99632100
9/6/22,393.13,394.12,388.42,390.76,76637400
9/7/22,390.43,398.59,390.2,397.78,70964200
9/8/22,395.39,400.86,394.12,400.38,80821600
9/9/22,402.74,407.51,402.46,406.6,76706900
9/12/22,408.78,411.73,408.46,410.97,69256200
9/13/22,401.83,403.1,391.92,393.1,122947000
9/14/22,394.47,396.2,391.12,394.6,85023700
9/15/22,392.96,395.96,388.78,390.12,87633800
9/16/22,384.14,386.25,382.11,385.56,103084800
9/19/22,382.26,388.55,382.1784,388.55,73278400
9/20/22,385.06,386.12,381.195,384.09,77274800
9/21/22,386.11,389.31,377.38,377.39,106746500
9/22/22,376.58,378.3,373.44,374.22,89472600
9/23/22,370.58,370.62,363.29,367.95,122346900
9/26/22,366.41,370.21,363.0299,364.31,92581200
9/27/22,368.02,370.4,360.87,363.38,108294000
9/28/22,364.38,372.3,362.6,370.53,110802200
9/29/22,366.81,367.11,359.7,362.79,112952300
9/30/22,361.8,365.91,357.04,357.18,153711200
10/3/22,361.08,368.55,359.21,366.61,89756400
10/4/22,372.4,378,366.5677,377.97,103602700
10/5/22,373.39,379.46,370.95,377.09,88065600
10/6/22,375.62,378.72,372.68,373.2,82333500
10/7/22,368.97,373.2933,360.94,362.79,107789500
10/10/22,363.96,364.21,357.67,360.02,76042700
10/11/22,358.23,363.03,355.71,357.74,92482700
10/12/22,358.17,359.8179,356.3,356.56,76991800
10/13/22,349.2,367.51,348.11,365.97,147254500
10/14/22,368.55,370.26,356.96,357.63,123737000
10/17/22,364.01,367.9799,357.2808,366.82,93168200
10/18/22,375.13,375.45,367.52,371.13,97162800
10/19/22,368.99,371.85,365.55,368.5,79746800
10/20/22,368.03,372.67,364.61,365.41,88283000
10/21/22,365.12,374.8,363.54,374.29,131038300
10/24/22,375.89,380.06,373.11,378.87,85436900
10/25/22,378.79,385.25,378.671,384.92,78846300
10/26/22,381.62,387.58,381.35,382.02,104087300
10/27/22,383.07,385,379.33,379.98,81971700
10/28/22,379.87,389.52,379.68,389.02,100301900
10/31/22,386.44,388.4,385.26,386.21,96631200
11/1/22,390.14,390.39,383.29,384.52,85407600
11/2/22,383.9,388.63,374.76,374.87,126990300
11/3/22,371.465,374.2,368.79,371.01,87100100
11/4/22,377,378.87,370,376.35,103505100
11/7/22,377.71,380.57,375.53,379.95,68286900
11/8/22,381.11,385.12,377.72,382,84641000
11/9/22,379.93,381.14,373.61,374.13,78495400
11/10/22,388.05,395.04,385.642,394.69,141455800
11/11/22,395.59,399.35,393.61,398.51,93839800
11/14/22,396.66,400.1799,394.83,395.12,71893100
11/15/22,401.15,402.31,394.49,398.49,93194400
11/16/22,396.78,397.78,394.79,395.45,68508400
11/17/22,390.46,394.95,390.14,394.24,74496200
11/18/22,397.74,397.81,393.04,396.03,92922400
11/21/22,394.64,395.82,392.66,394.59,51243100
11/22/22,396.63,400.07,395.1527,399.9,60429000
11/23/22,399.55,402.93,399.31,402.42,68261600
11/25/22,401.83,402.91,401.535,402.33,30545400
11/28/22,399.09,400.81,395.11,395.91,68021700
11/29/22,396.05,397.3,393.3,395.23,52310000
11/30/22,395.49,407.68,393.48,407.68,144566600
12/1/22,408.77,410,404.75,407.38,76398100
12/2/22,402.25,407.86,402.14,406.91,85342700
12/5/22,403.95,404.93,398.17,399.59,77289800
12/6/22,399.42,399.99,391.64,393.83,77972200
12/7/22,392.94,395.64,391.97,393.16,65927800
12/8/22,395.14,397.36,393.2684,396.24,60737900
12/9/22,394.94,397.62,393.15,393.28,81447700
12/12/22,394.11,398.95,393.412,398.95,75405800
12/13/22,410.22,410.49,399.07,401.97,123782500
12/14/22,401.61,405.5,396.31,399.4,108111300
12/15/22,394.3,395.25,387.885,389.63,117705800
12/16/22,385.18,386.575,381.04,383.27,119857900
12/19/22,383.47,383.82,378.28,380.02,79878100
12/20/22,379.23,382.23,377.85,380.54,74427200
12/21/22,383.25,387.41,382.69,386.23,78167300
12/22/22,383.05,386.2134,374.77,380.72,100120800
12/23/22,379.65,383.06,378.03,382.91,59857300
12/27/22,382.79,383.15,379.65,381.4,51638100
12/28/22,381.33,383.39,376.42,376.66,70911500
12/29/22,379.63,384.35,379.08,383.44,66970800
12/30/22,380.64,382.58,378.43,382.43,84022200
1/3/23,384.37,386.43,377.831,380.82,74850700
1/4/23,383.18,385.88,380,383.76,85934100
1/5/23,381.72,381.84,378.76,379.38,76970400
1/6/23,382.61,389.25,379.4127,388.08,104189600
1/9/23,390.37,393.7,387.67,387.86,73978000
1/10/23,387.25,390.65,386.27,390.58,65358000
1/11/23,392.23,395.6,391.38,395.52,68881000
1/12/23,396.67,398.485,392.42,396.96,90157600
1/13/23,393.62,399.1,393.34,398.5,63903900
1/17/23,398.48,400.23,397.06,397.77,62677200
1/18/23,399.01,400.12,391.28,391.49,99632200
1/19/23,389.36,391.08,387.26,388.64,86958900
1/20/23,390.1,396.04,388.38,395.88,91806300
1/23/23,396.72,402.645,395.72,400.63,84178800
1/24/23,398.88,401.15,397.64,400.2,59524900
1/25/23,395.95,400.7,393.56,400.35,84800200
1/26/23,403.13,404.92,400.03,404.75,72287400
1/27/23,403.65,408.16,403.44,405.68,68346100
1/30/23,402.8,405.13,400.28,400.59,74202000
1/31/23,401.13,406.53,400.77,406.48,86811700
2/1/23,405.21,413.67,402.35,410.8,101459100
2/2/23,414.86,418.31,412.88,416.78,101654400
2/3/23,411.59,416.97,411.09,412.35,94736700
2/6/23,409.79,411.29,408.1,409.83,60295300
2/7/23,408.87,416.49,407.57,415.19,90990700
2/8/23,413.13,414.53,409.93,410.65,76227400
2/9/23,414.41,414.57,405.81,407.09,78694800
2/10/23,405.86,408.44,405.01,408.04,70769700
2/13/23,408.72,412.97,408.24,412.83,64913500
2/14/23,411.24,415.05,408.511,412.64,88389300
2/15/23,410.35,414.06,409.47,413.98,61685200
2/16/23,408.79,412.91,408.14,408.28,76431400
2/17/23,406.06,407.51,404.05,407.26,89257800
2/21/23,403.06,404.16,398.82,399.09,82655900
2/22/23,399.52,401.13,397.02,398.54,83742200
2/23/23,401.56,402.2,396.25,400.66,96242400
2/24/23,395.42,397.25,393.64,396.38,108194400
2/27/23,399.87,401.29,396.75,397.73,80444700
2/28/23,397.23,399.28,396.15,396.26,96438500
3/1/23,395.41,396.69,393.38,394.74,99706800
3/2/23,392.68,398.69,392.33,397.81,85404700
3/3/23,399.71,404.45,399.03,404.19,90119900
3/6/23,405.05,407.45,404.01,404.47,72795900
3/7/23,404.42,404.67,397.625,398.27,108310600
3/8/23,398.39,399.71,396.59,398.92,74746600
3/9/23,399.74,401.48,390.53,391.56,111945300
3/10/23,390.99,393.16,384.32,385.91,189418908
3/13/23,381.81,390.39,380.65,385.36,157789900
3/14/23,390.5,393.45,387.05,391.73,149752300
3/15/23,385.89,389.49,383.71,389.28,172996900
3/16/23,386.82,396.47,386.29,396.11,143753900
3/17/23,393.22,394.4,388.55,389.99,140553400
3/20/23,390.8,394.17,390.07,393.74,93055700
3/21/23,397.24,399.41,395.58,398.91,91524200
3/22/23,398.73,402.49,392.07,392.11,111746500
3/23/23,395.09,399.29,390.35,393.17,119351300
3/24/23,391.84,395.84,389.4,395.75,107770100
3/27/23,398.12,398.92,395.56,396.49,74010400
3/28/23,395.77,396.49,393.69,395.6,62871600
3/29/23,399.92,401.6,398.68,401.35,77497800
3/30/23,404.09,404.35,401.76,403.7,69840000
3/31/23,404.66,409.7,404.55,409.39,112062600
4/3/23,408.85,411.37,408.44,410.95,67391100
4/4/23,411.62,411.92,407.24,408.67,66601500
4/5/23,407.91,408.7,405.88,407.6,65200200
4/6/23,406.77,409.48,405.678,409.19,63743300
4/10/23,406.61,409.69,405.97,409.61,63681000
4/11/23,410.26,411.18,408.92,409.72,59297900
4/12/23,411.87,412.17,407.44,408.05,86420300
4/13/23,409.18,413.84,407.9922,413.47,85814700
4/14/23,412.81,415.09,410.06,412.46,78161500
4/17/23,412.37,413.96,411.085,413.94,66436400
4/18/23,415.58,415.72,412.7802,414.21,63559900
4/19/23,412.22,415.08,412.16,414.14,55227300
4/20/23,411.21,413.7,410.27,411.88,75840300
4/21/23,412.19,412.68,410.17,412.2,73457400
4/24/23,411.99,413.07,410.6,412.63,64332000
4/25/23,410.58,411.16,406.02,406.08,97766700
4/26/23,406.72,407.84,403.78,404.36,80447000
4/27/23,407,412.69,406.74,412.41,92968300
4/28/23,411.49,415.94,411.43,415.93,89433100
5/1/23,415.47,417.62,415.265,415.51,62122200
5/2/23,414.77,414.82,407.82,410.84,103998400
5/3/23,411.36,413.87,407.77,408.02,91531700
5/4/23,406.93,407.27,403.74,405.13,94901800
5/5/23,408.91,413.72,408.64,412.63,87891700
5/8/23,412.97,413.24,411.28,412.74,50046700
5/9/23,411.13,412.09,410.6894,410.93,49220100
5/10/23,413.88,414.535,408.87,412.85,96142900
5/11/23,411.95,412.43,409.97,412.13,70157000
5/12/23,413.42,413.64,409.07,411.59,70481500
5/15/23,412.22,413.43,410.23,413.01,54289300
5/16/23,411.86,412.815,410.24,410.25,57705400
5/17/23,412.35,415.855,410.635,415.23,87286900
5/18/23,414.9,419.67,414.67,419.23,97177200
5/19/23,420.17,420.72,417.35,418.62,103793300
5/22/23,418.64,420.39,417.35,418.79,60745400
5/23/23,417.08,418.722,413.68,414.09,86383400
5/24/23,412.42,412.82,409.8795,411.09,89213600
5/25/23,414.74,416.16,412.4101,414.65,90961600
5/26/23,415.33,420.77,415.25,420.02,93829900
5/30/23,422.03,422.58,418.735,420.18,72215900
5/31/23,418.28,419.22,416.22,417.85,110811700
6/1/23,418.09,422.92,416.79,421.82,88865000
6/2/23,424.5,428.74,423.95,427.92,91426100
6/5/23,428.28,429.62,426.37,427.1,65460100
6/6/23,426.67,428.5772,425.99,428.03,64022100
6/7/23,428.44,429.62,426.11,426.55,85373200
6/8/23,426.62,429.6,425.82,429.13,61952800
6/9/23,429.96,431.99,428.87,429.9,85647200
6/12/23,430.92,433.88,430.17,433.8,76256700
6/13/23,435.32,437.33,434.63,436.66,95899700
6/14/23,437.01,439.0612,433.59,437.18,100612000
6/15/23,436.33,443.9,436.23,442.6,110303100
6/16/23,443.02,443.6078,438.97,439.46,114165800
6/20/23,437.45,438.37,435.03,437.18,76160300
6/21/23,436.16,436.99,434.33,434.94,76982200
6/22/23,433.95,436.62,433.6,436.51,70637100
6/23/23,432.93,435.06,432.47,433.21,92074500
6/26/23,432.62,434.61,431.19,431.44,72823500
6/27/23,432.35,436.81,431.88,436.17,72813700
6/28/23,435.05,437.44,434.41,436.39,75635900
6/29/23,435.96,438.28,435.54,438.11,67882300
6/30/23,441.44,444.3,441.11,443.28,104964000
7/3/23,442.92,444.08,442.63,443.79,32793300
7/5/23,441.91,443.889,441.9,443.13,58418400
7/6/23,439.42,440.1,437.06,439.66,80658300
7/7/23,438.63,442.64,438.3,438.55,86134100
7/10/23,438.18,439.84,437.585,439.66,62443500
7/11/23,440.45,442.97,439.44,442.46,64463700
7/12/23,446.39,447.4799,444.91,446.02,91924500
7/13/23,447.9,450.38,447.45,449.56,72425200
7/14/23,450.48,451.36,448.49,449.28,69815800
7/17/23,449.13,451.93,449.08,450.84,52680200
7/18/23,450.5,454.86,450.0484,454.19,80744400
7/19/23,455.01,456.43,454.1119,455.2,65891600
7/20/23,454.17,455.1,451.44,452.18,70591600
7/21/23,453.96,454.165,452.17,452.18,71275600
7/24/23,453.37,455.04,452.298,454.2,54023300
7/25/23,453.92,456.735,453.87,455.44,55191200
7/26/23,454.47,456.99,453.38,455.51,71052800
7/27/23,459.02,459.44,451.55,452.49,92194300
7/28/23,455.88,457.78,452.4918,456.92,80011700
7/31/23,457.41,458.16,456.045,457.79,62040400
8/1/23,456.27,457.25,455.49,456.48,55502200
8/2/23,453.25,453.52,449.3499,450.13,93933300
8/3/23,448.04,450.79,447.37,448.84,64419600
8/4/23,450.72,452.895,446.27,446.81,100128900
8/7/23,448.71,450.865,447.99,450.71,58357400
8/8/23,448.08,450.6952,445.2705,448.75,71361300
8/9/23,449.03,449.1999,444.96,445.75,78789500
8/10/23,448.19,451.7,444.7,445.91,93005500
8/11/23,443.97,446.7007,443.345,445.65,68690900
8/14/23,444.7,448.11,444.38,448.11,47867400
8/15/23,446.27,446.64,442.3,442.89,75707500
8/16/23,442.46,444.18,439.53,439.64,80107200
8/17/23,441.16,441.43,435.75,436.29,95711300
8/18/23,433.37,437.57,433.01,436.5,98851900
8/21/23,437.55,440.11,435.32,439.34,68718900
8/22/23,441.18,441.18,437.57,438.15,65062800
8/23/23,439.25,443.67,439.1,443.03,68441000
8/24/23,444.69,445.22,436.855,436.89,88517200
8/25/23,438.68,441.3,435,439.97,102325100
8/28/23,442.24,443.4,439.9728,442.76,61595300
8/29/23,442.65,449.45,442.46,449.16,83081900
8/30/23,449.51,451.67,448.78,451.01,69053900
8/31/23,451.65,452.83,450.16,450.35,66084500
9/1/23,453.17,453.67,449.68,451.19,58944000
9/5/23,450.73,451.06,449.17,449.24,55166200
9/6/23,448.4,448.51,443.81,446.22,70758500
9/7/23,443.11,445.55,442.75,444.85,70355400
9/8/23,444.9,447.11,444.53,445.52,62068400
9/11/23,448.24,448.77,446.4699,448.45,60180100
9/12/23,446.95,448.53,445.39,445.99,67565400
9/13/23,446.22,447.71,445.0793,446.51,60199200
9/14/23,449.07,451.08,447.715,450.36,83430800
9/15/23,447.14,447.48,442.92,443.37,111848800
9/18/23,443.05,444.97,442.56,443.63,55752200
9/19/23,442.68,443.29,439.94,442.71,66514600
9/20/23,444.01,444.435,438.43,438.64,82562600
9/21/23,435.7,435.97,431.23,431.39,104095800
9/22/23,432.45,434.1,429.99,430.42,100829600
9/25/23,429.17,432.27,428.72,432.23,70874500
9/26/23,429.09,429.82,425.02,425.88,96168400
9/27/23,427.09,427.67,422.29,426.05,104705800
9/28/23,425.48,430.2499,424.87,428.52,92258300
9/29/23,431.67,431.85,425.91,427.48,115111300
10/2/23,426.62,428.6,424.46,427.31,83798600
10/3/23,425.06,427.3729,420.18,421.59,103760600
10/4/23,422.07,425.4299,420.56,424.66,87452900
10/5/23,424.36,425.37,421.1701,424.5,70142700
10/6/23,421.97,431.125,420.6,429.54,113273300
10/9/23,427.58,432.88,427.0101,432.29,80374300
10/10/23,432.94,437.22,432.53,434.54,78607200
10/11/23,435.64,436.58,433.18,436.32,62451700
10/12/23,436.95,437.335,431.23,433.66,81154200
10/13/23,435.21,436.45,429.88,431.5,95201100
10/16/23,433.82,437.14,433.57,436.04,75433100
10/17/23,432.81,438.14,432.45,436.02,75324700
10/18/23,434.19,435.18,429.09,430.21,93559700
10/19/23,430.95,432.82,425.725,426.43,121322900
10/20/23,425.98,426.54,421.08,421.19,123919800
10/23/23,419.61,424.45,417.8,420.46,92035100
10/24/23,422.65,424.82,420.74,423.63,78564200
10/25/23,421.89,421.92,417.015,417.55,94223100
10/26/23,416.45,417.325,411.6,412.55,115156700
10/27/23,414.19,414.6,409.21,410.68,107367600
10/30/23,413.56,416.68,412.22,415.59,86562600
10/31/23,416.18,418.53,414.21,418.2,79665100
11/1/23,419.2,423.5,418.6499,422.66,98068100
11/2/23,426.58,430.915,426.56,430.76,94938900
11/3/23,433.14,436.29,433.01,434.69,100167700
11/6/23,435.47,436.1498,433.68,435.69,67831600
11/7/23,435.69,437.585,434.51,436.93,64256100
11/8/23,437.55,438.09,434.87,437.25,61746000
11/9/23,438.43,438.47,433.4,433.84,83174400
11/10/23,435.98,440.93,433.8335,440.61,89558000
11/13/23,439.23,441.33,438.42,440.19,52236000
11/14/23,446.32,450.06,446.09,448.73,97176900
11/15/23,450.11,451.38,448.8,449.68,77327500
11/16/23,449.22,450.56,448.12,450.23,66665700
11/17/23,450.24,451.42,449.29,450.79,83193900
11/20/23,450.53,455.125,450.52,454.26,70055600
11/21/23,453.18,454.131,451.9599,453.27,49244600
11/22/23,454.98,456.38,453.8895,455.02,59446500
11/24/23,455.07,455.5,454.73,455.3,29737300
11/27/23,454.65,455.4901,454.0799,454.48,50505900
11/28/23,454.08,456.27,453.5,454.93,62115000
11/29/23,457.15,458.32,454.2,454.61,63145900
11/30/23,455.48,456.76,453.34,456.4,79752700
12/1/23,455.77,459.65,455.16,459.1,89183400
12/4/23,455.6,459.1206,454.34,456.69,72430800
12/5/23,455.26,457.59,454.87,456.6,69793400
12/6/23,458.81,458.84,454.31,454.76,69124600
12/7/23,456.91,458.9,456.29,458.23,66995400
12/8/23,457.46,460.745,457.21,460.2,83194400
12/11/23,459.69,462.17,459.47,461.99,65002200
12/12/23,461.63,464.2,460.6,464.1,68327600
12/13/23,464.49,470.7599,464.12,470.5,93277900
12/14/23,472.5,473.73,469.25,472.01,119026000
12/15/23,469.49,470.7,467.4263,469.33,141553600
12/18/23,470.98,472.98,469.8929,471.97,70375200
12/19/23,472.53,474.92,472.45,474.84,55761800
12/20/23,473.96,475.895,467.82,468.26,102920900
12/21/23,471.33,472.975,468.84,472.7,86667400
12/22/23,473.86,475.38,471.7,473.65,67160400
12/26/23,474.07,476.58,473.99,475.65,55386900
12/27/23,475.44,476.66,474.89,476.51,68000300
12/28/23,476.88,477.55,476.26,476.69,77158100
12/29/23,476.49,477.03,473.3,475.31,122283100
1/2/24,472.16,473.67,470.49,472.65,123007700
1/3/24,470.43,471.19,468.17,468.79,103585800
1/4/24,468.3,470.96,467.05,467.28,84232100
1/5/24,467.49,470.44,466.43,467.92,86118900
1/8/24,468.43,474.75,468.3,474.6,74879000
1/9/24,471.87,474.93,471.35,473.88,65931400
1/10/24,474.16,477.4481,473.87,476.56,67310600
1/11/24,477.59,478.12,472.26,476.35,77940700
1/12/24,477.84,478.6,475.23,476.68,58026400
1/16/24,475.26,476.6098,473.06,474.93,85014800
1/17/24,471.82,472.79,469.87,472.29,68843800
1/18/24,474.01,477.06,472.42,476.49,91856200
1/19/24,477.65,482.72,476.5374,482.43,110834400
1/22/24,484.01,485.22,482.78,483.45,75844900
1/23/24,484.01,485.105,482.89,484.86,49945200
1/24/24,487.81,488.77,484.8819,485.39,81765000
1/25/24,487.575,488.305,485.39,488.03,72524900
1/26/24,487.59,489.12,486.54,487.41,76641600
1/29/24,487.73,491.415,487.17,491.27,61322700
1/30/24,490.56,491.62,490.11,490.89,58618300
1/31/24,488.62,489.0813,482.86,482.88,126011000
2/1/24,484.63,489.23,483.8,489.2,91891600
2/2/24,489.65,496.05,489.3,494.35,99228100
2/5/24,493.7,494.3778,490.23,492.55,75757100
2/6/24,493.52,494.32,492.05,493.98,55918600
2/7/24,496.29,498.53,495.36,498.1,70556500
2/8/24,498.1,498.71,497.26,498.32,52343600
2/9/24,498.84,501.65,498.49,501.2,63979300
2/12/24,501.17,503.5,500.24,500.98,56502200
2/13/24,494.53,497.09,490.715,494.08,113099200
2/14/24,496.79,499.07,494.4,498.57,68387800
2/15/24,499.29,502.2,498.795,502.01,61682900
2/16/24,501.7,502.87,498.75,499.51,75532900
2/20/24,497.72,498.41,494.45,496.76,71736700
2/21/24,495.42,497.37,493.56,497.21,59603700
2/22/24,504.01,508.49,503.02,507.5,76402500
2/23/24,509.27,510.13,507.1,507.85,61321800
2/26/24,508.3,508.75,505.86,505.99,50386700
2/27/24,506.7,507.16,504.75,506.93,48854500
2/28/24,505.33,506.855,504.96,506.26,56506600
2/29/24,508.07,509.74,505.35,508.08,83924700
3/1/24,508.98,513.29,508.56,512.85,76844800
3/4/24,512.03,514.2,512,512.3,49799200
3/5/24,510.24,510.7,504.91,507.18,72855600
3/6/24,510.55,512.069,508.42,509.75,68382300
3/7/24,513.14,515.89,509.8053,514.81,58652000
3/8/24,515.46,518.2201,511.13,511.72,86551154
3/11/24,510.48,511.88,508.5,511.28,62557100
3/12/24,513.45,517.38,510.86,516.78,73114400
3/13/24,517.11,517.29,514.49,515.97,55104000
3/14/24,516.97,517.125,511.82,514.95,110171800
3/15/24,510.21,511.7,508.122,509.83,107646300
3/18/24,514,515.48,512.44,512.86,88893300
3/19/24,512.15,515.995,511.12,515.71,60755200
3/20/24,515.77,520.62,515.08,520.48,69594500
3/21/24,523.39,524.11,521.91,522.2,60256100
3/22/24,522.11,522.605,520.97,521.21,79070800
3/25/24,519.8,520.95,519.61,519.77,48512100
3/26/24,521.23,521.58,518.4,518.81,65463700
3/27/24,521.71,523.21,519.485,523.17,82999700
3/28/24,523.21,524.61,522.78,523.07,96294800
4/1/24,523.83,524.38,520.97,522.16,62477500
4/2/24,518.24,518.98,516.48,518.84,74230300
4/3/24,517.72,520.95,517.665,519.41,59155700
4/4/24,523.52,523.8674,512.755,513.07,96858000
4/5/24,514.46,520.44,514.01,518.43,74546400
4/8/24,519.15,520.18,517.89,518.72,48401700
4/9/24,520.5,520.75,514.35,519.32,68124300
4/10/24,513.48,516.16,512.09,514.12,82652800
4/11/24,515.68,519.48,512.08,518,70099000
4/12/24,514.37,515.815,509.08,510.85,92561000
4/15/24,515.13,515.3,503.58,504.45,92101400
4/16/24,504.94,506.5,502.21,503.53,73484000
4/17/24,506.05,506.22,499.12,500.55,75910300
4/18/24,501.98,504.13,498.56,499.52,74548000
4/19/24,499.44,500.455,493.86,495.16,102212500
4/22/24,497.83,502.38,495.43,499.72,67961000
4/23/24,501.78,506.09,499.5328,505.65,64633600
4/24/24,506.56,507.37,503.13,505.41,55928000
4/25/24,499.18,504.27,497.49,503.49,69122300
4/26/24,506.35,509.88,505.7,508.26,64306100
4/29/24,510.09,510.75,507.25,510.06,46415400
4/30/24,508.56,509.56,501.98,501.98,77483500
5/1/24,501.38,508.19,499.865,500.35,80242800
5/2/24,504.15,505.89,499.55,505.03,62550100
5/3/24,511.16,512.55,508.56,511.29,72756700
5/6/24,513.75,516.61,513.3,516.57,47264700
5/7/24,517.56,518.57,516.45,517.14,52561300
5/8/24,515.26,517.74,515.14,517.19,42047200
5/9/24,517.38,520.2074,516.705,520.17,43643600
5/10/24,521.81,522.635,519.59,520.84,52233100
5/13/24,522.56,522.67,519.74,520.91,36716300
5/14/24,521.11,523.83,520.56,523.3,57535800
5/15/24,525.83,530.08,525.18,529.78,59504900
5/16/24,529.88,531.5218,528.54,528.69,50244800
5/17/24,528.81,529.52,527.32,529.45,59187500
5/20/24,529.57,531.5601,529.17,530.06,37764200
5/21/24,529.28,531.52,529.07,531.36,33437000
5/22/24,530.65,531.38,527.6,529.83,48389900
5/23/24,532.96,533.07,524.72,525.96,57211100
5/24/24,527.85,530.27,526.881,529.44,41291000
5/28/24,530.27,530.51,527.11,529.81,36269600
5/29/24,525.68,527.31,525.37,526.1,45190300
5/30/24,524.52,525.2,521.33,522.61,46468500
5/31/24,523.59,527.5,518.36,527.37,90785700
6/3/24,529.02,529.31,522.6,527.8,46835700
6/4/24,526.46,529.15,524.96,528.39,34632600
6/5/24,530.77,534.69,528.7254,534.67,47610300
6/6/24,534.98,535.42,532.68,534.66,30808500
6/7/24,533.66,536.89,532.535,534.01,43224500
6/10/24,533.18,535.99,532.57,535.66,35729200
6/11/24,534.07,537.01,532.05,536.95,36383400
6/12/24,541.63,544.12,540.3,541.36,63251300
6/13/24,543.15,543.325,539.59,542.45,44760900
6/14/24,540.88,542.81,539.85,542.78,40089800
6/17/24,542.08,548.53,541.6072,547.1,55839400
6/18/24,547.16,548.62,546.73,548.49,41376400
6/20/24,549.44,550.12,545.18,547,70328200
6/21/24,544.4,545.65,543.02,544.51,64513800
6/24/24,544.33,546.95,542.62,542.74,45528600
6/25/24,543.99,545.2,542.44,544.83,38273300
6/26/24,543.69,546.24,543.03,545.51,38550600
6/27/24,545.37,546.96,544.61,546.37,35041400
6/28/24,547.16,550.28,542.95,544.22,76144500
7/1/24,545.63,545.88,542.52,545.34,40297800
7/2/24,543.7,549.01,543.65,549.01,40434700
7/3/24,548.69,551.83,548.65,551.46,32789900
7/5/24,551.77,555.05,551.12,554.64,41488300
7/8/24,555.44,556.2501,554.19,555.28,36110400
7/9/24,556.26,557.18,555.52,555.82,27314125
7/10/24,557.07,561.67,556.77,561.32,38701200
7/11/24,561.44,562.33,555.83,556.48,53054100
7/12/24,557.63,563.67,557.15,559.99,53084400
7/15/24,562.03,564.8371,559.63,561.53,40584200
7/16/24,562.865,565.16,562.1,564.86,36475200
7/17/24,558.8,560.51,556.61,556.94,57118900
7/18/24,558.51,559.52,550.43,552.66,56270300
7/19/24,552.42,554.08,547.91,548.99,65509000
7/22/24,553,555.27,551.02,554.65,43346700
7/23/24,554.54,556.735,553.275,553.78,34439500
7/24/24,548.86,549.17,540.29,541.23,74515200
7/25/24,541.35,547.455,537.45,538.41,61158200
7/26/24,542.28,547.19,541.49,544.44,53763700
7/29/24,546.02,547.05,542.72,544.76,39515800
7/30/24,546.26,547.34,538.515,542,46853600
7/31/24,548.98,553.5,547.5799,550.81,65663300
8/1/24,552.57,554.8688,539.43,543.01,76428700
8/2/24,535.75,536.99,528.6,532.9,82789000
8/5/24,511.64,523.58,510.27,517.38,146267300
8/6/24,519.22,529.75,517.87,522.15,84826300
8/7/24,528.47,531.59,518.0519,518.66,70698300
8/8/24,523.91,531.29,521.84,530.65,63276500
8/9/24,529.81,534.51,528.56,532.99,45619500
8/12/24,534.21,535.73,530.95,533.27,42542000
8/13/24,536.53,542.28,536.28,542.04,52333000
8/14/24,542.85,544.96,540.12,543.75,42446900
8/15/24,549.5,553.36,548.88,553.07,60846800
8/16/24,551.42,555.02,551.26,554.31,44430700
8/19/24,554.73,559.61,553.86,559.61,39121700
8/20/24,559.15,560.84,557.325,558.7,33732200
8/21/24,559.77,562.11,554.73,560.62,41514600
8/22/24,562.56,563.18,554.98,556.22,56121400
8/23/24,559.53,563.09,557.29,562.13,50639300
8/26/24,563.18,563.91,559.05,560.79,35788600
8/27/24,559.49,562.06,558.32,561.56,32693900
8/28/24,561.21,561.65,555.04,558.3,41066000
8/29/24,560.31,563.68,557.18,558.35,38715100
8/30/24,560.77,564.2,557.14,563.68,62700100
9/3/24,560.47,560.81,549.51,552.08,60600100
9/4/24,550.2,554.43,549.46,550.95,47224900
9/5/24,550.89,553.7995,547.1,549.61,44264200
9/6/24,549.94,551.6,539.44,540.36,68493800
9/9/24,544.65,547.71,542.68,546.41,40445800
9/10/24,548.36,549.15,543.38,548.79,36394500
9/11/24,548.7,555.36,539.96,554.42,75248600
9/12/24,555.01,559.4,552.74,559.09,51892700
9/13/24,559.71,563.03,559.45,562.01,39310500
9/16/24,561.74,563.11,559.9,562.84,36656100
9/17/24,565.1,566.58,560.795,563.07,49320900
9/18/24,563.74,568.69,560.83,561.4,59044900
9/19/24,571.01,572.88,568.08,570.98,75315400
9/20/24,567.84,569.31,565.17,568.25,77503100
9/23/24,569.34,570.3325,568.1,569.67,44116900
9/24/24,570.48,571.36,567.6,571.3,46805600
9/25/24,571.14,571.89,568.91,570.04,38428500
9/26/24,574.38,574.71,569.9,572.3,48336000
9/27/24,573.39,574.22,570.42,571.47,42100900
9/30/24,570.42,574.38,568.08,573.76,63655400
10/1/24,573.4,574.0622,566,568.62,72668700
10/2/24,567.71,569.9,565.27,568.86,38097700
10/3/24,567.36,569.8025,565.49,567.82,40846400
10/4/24,572.35,573.36,568.1,572.98,43005100
10/7/24,571.3,571.9599,566.63,567.8,49964600
10/8/24,570.42,573.78,569.5299,573.17,37398600
10/9/24,573.16,577.71,572.55,577.14,37912200
10/10/24,575.77,577.58,574.49,576.13,44138000
10/11/24,576.05,580.33,575.91,579.58,42267900
10/14/24,581.22,585.27,580.73,584.32,36217200
10/15/24,584.59,584.9,578.545,579.78,54203600
10/16/24,579.78,582.83,578.96,582.3,30725400
10/17/24,585.91,586.12,582.16,582.35,34393700
10/18/24,584.07,585.39,582.58,584.59,37416800
10/21/24,583.85,584.85,580.6001,583.63,36439000
10/22/24,581.05,584.5,580.38,583.32,34183800
10/23/24,581.26,581.7086,574.415,577.99,49314500
10/24/24,579.98,580.06,576.57,579.24,34979800
10/25/24,581.51,584.46,578.08,579.04,47268100
10/28/24,582.58,582.71,580.52,580.83,30174700
10/29/24,579.85,582.907,578.43,581.77,42899600
10/30/24,581.29,583.32,579.29,580.01,41435800
10/31/24,575.56,575.63,568.44,568.64,60182400
11/1/24,571.32,575.55,570.62,571.04,45667500
11/4/24,571.18,572.5,567.89,569.81,38216900
11/5/24,570.74,576.74,570.52,576.7,39478300
11/6/24,589.2,591.93,585.39,591.04,68181900
11/7/24,593.08,596.65,592.9999,595.61,47233200
11/8/24,596.17,599.64,596.165,598.19,46444800
11/11/24,599.81,600.17,597,598.76,37586700
11/12/24,598.68,599.29,594.37,596.9,43006100
11/13/24,597.37,599.23,594.96,597.19,47388600
11/14/24,597.32,597.81,592.65,593.35,38904100
11/15/24,589.72,590.2,583.86,585.75,75988700
11/18/24,586.22,589.49,585.34,588.15,37084000
11/19/24,584.71,591.045,584.03,590.3,49412000
11/20/24,590.38,590.79,584.63,590.5,50032500
11/21/24,593.4,595.12,587.45,593.67,46750200
11/22/24,593.66,596.15,593.1525,595.51,38226300
11/25/24,599.52,600.86,595.2,597.53,42441393
11/26/24,598.8,601.33,598.07,600.65,45621288
11/27/24,600.46,600.85,597.28,598.83,34000100
11/29/24,599.66,603.35,599.3805,602.55,30177300
12/2/24,602.97,604.32,602.47,603.63,31745900
12/3/24,603.39,604.16,602.341,603.91,26906600
12/4/24,605.63,607.91,604.95,607.66,42787500
12/5/24,607.66,608.48,606.305,606.66,28762100
12/6/24,607.44,609.07,607.02,607.81,31241500
12/9/24,607.69,607.86,604.08,604.68,34742700
12/10/24,605.37,605.8,602.13,602.8,37234500
12/11/24,605.78,608.435,605.5,607.46,28677700
12/12/24,606.58,607.16,604.33,604.33,31543800
12/13/24,606.4,607.13,602.81,604.21,35904700
12/16/24,606,607.7795,605.21,606.79,43695100
12/17/24,604.19,605.17,602.885,604.29,55773500
12/18/24,603.98,606.405,585.89,586.28,108248700
12/19/24,591.36,593,585.85,586.1,85919400
12/20/24,581.77,595.75,580.91,591.15,125716600
12/23/24,590.89,595.3,587.661,594.69,57635800
12/24/24,596.06,601.34,595.47,601.3,33160000
12/26/24,599.5,602.48,598.0825,601.34,41338800
12/27/24,597.54,597.7761,590.7647,595.01,64969300
12/30/24,587.89,591.74,584.41,588.22,56578700
12/31/24,589.91,590.6399,584.42,586.08,57052600
1/2/25,589.39,591.13,580.5,584.64,50203900
1/3/25,587.53,592.6,586.43,591.95,37888400
1/6/25,596.27,599.7,593.6,595.36,47679400
1/7/25,597.42,597.75,586.78,588.63,60393000
1/8/25,588.7,590.5799,585.195,589.49,47304600
1/10/25,585.88,585.95,578.55,580.49,73105000
1/13/25,575.77,581.75,575.35,581.39,47910000
1/14/25,584.36,585,578.35,582.19,48420500
1/15/25,590.33,593.94,589.195,592.78,56900100
1/16/25,594.175,594.35,590.93,591.64,43319600
1/17/25,596.96,599.36,595.61,597.58,58070600
1/21/25,600.67,603.06,598.67,603.05,42532800
1/22/25,605.92,607.82,605.36,606.44,48195900
1/23/25,605.8,609.75,605.52,609.75,41152100
1/24/25,609.81,610.78,606.8,607.97,34604600
1/27/25,594.81,599.69,594.64,599.37,70361100
1/28/25,600.62,605.37,597.25,604.52,44433300
1/29/25,603.72,604.13,599.22,601.81,37177400
1/30/25,603.96,606.6,600.715,605.04,39281200
1/31/25,607.5,609.96,601.05,601.82,66671400
2/3/25,592.67,600.29,590.49,597.77,65857200
2/4/25,597.83,602.3,597.28,601.78,33457800
2/5/25,600.64,604.37,598.58,604.22,30653100
2/6/25,605.99,606.4525,602.63,606.32,35771500
2/7/25,606.89,608.13,600.05,600.77,50788500
2/10/25,604.03,605.4999,602.74,604.85,26048700
2/11/25,602.55,605.86,602.43,605.31,30056700
2/12/25,599.2,604.55,598.51,603.36,45076000
2/13/25,604.48,609.94,603.2,609.73,40921200
2/14/25,609.94,610.99,609.07,609.7,26910400
2/18/25,610.88,611.49,608.38,611.49,26749000
2/19/25,610.08,613.23,609.56,612.93,31011000
2/20/25,611.54,611.684,607.02,610.38,36554000
2/21/25,610.16,610.3,599.47,599.94,76519800
2/24/25,602.02,603.03,596.49,597.21,50737200
2/25/25,597.15,597.89,589.56,594.24,58266400
2/26/25,595.93,599.58,591.8556,594.54,43321500
2/27/25,596.85,598.02,584.65,585.05,74196600
2/28/25,585.56,594.72,582.44,594.18,88744100
3/3/25,596.18,597.34,579.9,583.77,74249200
3/4/25,579.71,585.39,572.25,576.86,109648200
3/5/25,576.69,584.88,573.0795,583.06,71230500
3/6/25,575.48,580.1736,570.12,572.71,80094800
3/7/25,570.9,577.39,565.63,575.92,81226642
3/10/25,567.59,569.54,555.59,560.58,99326600
3/11/25,559.4,564.02,552.02,555.92,88102100
3/12/25,562.17,563.11,553.69,558.87,69588100
3/13/25,558.49,559.105,549.68,551.42,74079400
3/14/25,556.11,563.83,551.4917,562.81,62660300
3/17/25,562.79,569.71,562.35,567.15,49008700
3/18/25,564.8,565.02,559.06,561.02,66041400
3/19/25,562.83,570.95,561.63,567.13,66555900
3/20/25,563.33,570.57,562.6012,565.49,62958100
3/21/25,559.28,564.89,558.03,563.98,83762900
3/24/25,570.8,575.15,570.2,574.08,58766800
3/25/25,575.3,576.41,573.69,575.46,38355700
3/26/25,575.19,576.33,567.19,568.59,52228800
3/27/25,567.18,570.9,564.94,567.08,42164200
3/28/25,565.53,566.2675,555.07,555.66,71662600
3/31/25,549.83,560.7112,546.87,559.39,95328200
4/1/25,557.45,562.94,553.68,560.97,54609600
4/2/25,555.05,567.42,554.81,564.52,76014500
4/3/25,545.11,547.97,536.7,536.7,125986000
4/4/25,523.67,525.87,505.06,505.28,217965100
4/7/25,489.19,523.17,481.8,504.38,256611300
4/8/25,521.86,524.98,489.16,496.48,165816500
4/9/25,493.44,548.62,493.05,548.62,241867300
4/10/25,532.17,533.495,509.32,524.58,162331200
4/11/25,523.01,536.43,520.07,533.94,97866300
4/14/25,544.05,544.28,533.86,539.12,68033900
4/15/25,539.67,543.23,536.81,537.61,56892800
4/16/25,531.68,537.8854,520.29,525.66,83484800
4/17/25,527.64,531.165,523.91,526.41,79868000
4/21/25,521.16,521.7,508.46,513.88,69368100
4/22/25,520.14,529.305,519.1925,527.25,75948100
4/23/25,540.43,545.43,533.88,535.42,90590600
4/24/25,536.715,547.43,535.4504,546.69,64150400
4/25/25,546.65,551.05,543.69,550.64,61119500
4/28/25,551.39,553.55,545.02,550.85,47613700
4/29/25,548.91,555.45,548.55,554.32,47775100
4/30/25,547.57,556.52,541.52,554.54,93101400
5/1/25,560.37,564.0699,557.86,558.47,63186100
5/2/25,564.73,568.38,562.38,566.76,60717200
5/5/25,562.57,566.65,561.7,563.51,38659200
5/6/25,557.93,563.3476,556.96,558.8,48264700
5/7/25,560.15,563.82,556.04,561.15,55733200
5/8/25,565.24,570.31,561.7,565.06,65130700
5/9/25,566.48,567.5,562.7637,564.34,37603400
5/12/25,581.47,583,577.04,582.99,78993500
5/13/25,583.41,589.08,582.84,586.84,67947200
5/14/25,587.81,588.98,585.535,587.59,66283500
5/15/25,585.56,590.97,585.0969,590.46,71268100
5/16/25,591.25,594.5,589.28,594.2,76052100
5/19/25,588.1,595.54,588.1,594.85,68168500
5/20/25,593.09,594.05,589.6,592.85,60614400
5/21/25,588.44,592.58,581.82,582.86,95197600
5/22/25,582.66,586.62,581.405,583.09,70860400
5/23/25,575.98,581.8101,575.6,579.11,76029000
5/27/25,586.07,591.31,578.43,591.15,72588400
5/28/25,591.56,592.7688,586.985,587.73,68445500
5/29/25,593.06,593.2,586.07,590.05,70073700
5/30/25,588.93,591.1299,583.235,589.39,90601200
6/2/25,587.76,592.79,585.06,592.71,61630500
6/3/25,592.34,597.08,591.85,596.09,63606200
6/4/25,596.96,597.95,595.49,595.93,57314200
6/5/25,597.63,599,591.05,593.05,92436300
6/6/25,598.66,600.83,596.86,599.14,66588700
6/9/25,599.72,601.25,598.49,599.68,53016400
6/10/25,600.22,603.47,599.09,603.08,66246900
6/11/25,604.19,605.06,599.27,601.36,73658200
6/12/25,600.01,603.75,599.52,603.75,64121700
6/13/25,598.5,601.85,595.48,597,89505900
6/16/25,600.4,604.45,600.22,602.68,79984100
6/17/25,600.21,601.75,596.76,597.53,82209300
6/18/25,598.44,601.22,596.47,597.44,76605000
6/20/25,598.38,599.46,592.86,594.28,94051300
6/23/25,595.04,600.54,591.89,600.15,87426000
6/24/25,604.33,607.8499,603.41,606.78,67735200
6/25/25,607.91,608.61,605.54,607.12,62114700
6/26/25,608.99,612.31,608.37,611.87,78548300
6/27/25,612.88,616.39,610.83,614.91,86258400
6/30/25,617.38,619.22,615.04,617.85,92502500
7/1/25,616.36,618.83,615.52,617.65,70030100
7/2/25,617.24,620.49,616.61,620.45,66510300
7/3/25,622.45,626.28,622.43,625.34,51065700
7/7/25,623.36,624.03,617.87,620.68,74814500
7/8/25,621.35,622.11,619.52,620.34,59024500
7/9/25,622.77,624.72,620.9105,624.06,66113300
7/10/25,624.2,626.8701,623.01,625.82,57528900
7/11/25,622.74,624.86,621.53,623.62,63670200
7/14/25,623.16,625.1581,621.7999,624.81,51898500
7/15/25,627.52,627.86,622.06,622.14,74317200
7/16/25,623.74,624.73,618.05,624.22,88987500
7/17/25,624.4,628.4048,624.18,628.04,68885600
7/18/25,629.3,629.47,626.46,627.58,65621600
7/21/25,628.77,631.54,628.34,628.77,63374900
7/22/25,629.1,629.73,626.19,628.86,60046200
7/23/25,631.55,634.21,629.73,634.21,70511000
7/24/25,634.6,636.15,633.99,634.42,71307100
7/25/25,635.09,637.5799,634.84,637.1,56865300
7/28/25,637.48,638.04,635.54,636.94,54917100
7/29/25,638.35,638.67,634.335,635.26,60556200
7/30/25,635.92,637.68,631.54,634.46,80418800
7/31/25,639.46,639.85,630.765,632.08,103385200
8/1/25,626.3,626.34,619.29,621.72,140103500
8/4/25,625.67,631.215,625.58,631.17,73218000
8/5/25,631.79,632.6052,627.04,627.97,68051400
8/6/25,629.05,633.44,628.13,632.78,64357500
8/7/25,636.24,636.98,629.11,632.25,74205700
8/8/25,634.06,637.645,633.74,637.18,64051600
8/11/25,637.46,638.95,634.66,635.92,58742300
8/12/25,638.29,642.85,636.79,642.69,64821800
8/13/25,644.91,646.19,642.68,644.89,60092700
8/14/25,642.79,645.62,642.34,644.95,59327400
8/15/25,645.99,646.09,642.5153,643.44,68592500
8/18/25,642.86,644,642.18,643.3,43804900
8/19/25,643.12,644.105,638.48,639.81,69750700
8/20/25,639.4,639.66,632.95,638.11,88890300
8/21/25,636.28,637.97,633.81,635.55,54805700
8/22/25,637.76,646.5,637.25,645.31,84083200
8/25/25,644.04,645.29,642.35,642.47,51274300
8/26/25,642.2,645.51,641.57,645.16,51581500
8/27/25,644.57,647.37,644.42,646.63,48341000
8/28/25,647.24,649.48,645.34,648.92,61519400
8/29/25,647.47,647.84,643.14,645.05,74522100
9/2/25,637.5,640.49,634.92,640.27,81983500
9/3/25,642.67,644.21,640.46,643.74,70820900
9/4/25,644.42,649.15,643.51,649.12,65219200
9/5/25,651.48,652.21,643.33,647.24,85178900
9/8/25,648.62,649.84,647.23,648.83,63133100
9/9/25,648.97,650.86,647.22,650.33,66133800
9/10/25,653.62,654.55,650.63,652.21,78034500
9/11/25,654.18,658.33,653.59,657.63,69934300
9/12/25,657.6,659.11,656.9,657.41,72780100
9/15/25,659.64,661.04,659.34,660.91,63772400
9/16/25,661.47,661.78,659.21,660,61168900
9/17/25,660.01,661.72,654.3,659.18,101952200
9/18/25,661.89,664.89,660.27,662.26,90459200
9/19/25,662.33,664.55,660.37,663.7,97945600
9/22/25,662.2,667.29,662.17,666.84,69452200
9/23/25,666.72,667.34,661.98,663.21,81708800
9/24/25,664.51,664.61,659.67,661.1,68082200
9/25/25,657.94,659.4056,654.405,658.05,89622000
9/26/25,659.51,662.37,657.88,661.82,69179200
9/29/25,664.36,665.28,661.86,663.68,73499000
9/30/25,662.93,666.65,661.61,666.18,86288000
10/1/25,663.17,669.37,663.06,668.45,72545300
10/2/25,670.45,670.565,666.78,669.22,56895900
10/3/25,669.99,672.675,668.16,669.21,70494300
10/6/25,671.62,672.51,669.455,671.61,54623200
10/7/25,672.54,672.99,667.67,669.12,72020000
10/8/25,670.25,673.2056,669.42,673.11,60702200
10/9/25,673.53,673.94,669.21,671.16,66501900
10/10/25,672.13,673.95,652.84,653.02,159422500
10/13/25,660.65,665.13,659.7679,663.04,79560500
10/14/25,657.17,665.83,653.17,662.23,88779500
10/15/25,666.82,670.23,658.93,665.17,81702500
10/16/25,666.82,668.71,657.11,660.64,110563300
10/17/25,659.5,665.755,658.14,664.39,96500800
10/20/25,667.32,672.21,667.27,671.3,60493300
10/21/25,671.44,672.99,669.981,671.29,56249000
10/22/25,672,672,663.3,667.8,80564000
10/23/25,668.12,672.7101,667.8,671.76,65604400
10/24/25,676.46,678.47,675.65,677.25,74356500
10/27/25,682.73,685.54,682.115,685.24,63339700
10/28/25,687.05,688.905,684.83,687.06,61738000
10/29/25,688.72,689.7,682.87,687.39,85362200
10/30/25,683.9,685.94,679.83,679.83,76335700
10/31/25,685.04,685.08,679.24,682.06,87164100
11/3/25,685.67,685.8,679.94,683.34,57315000
11/4/25,676.11,679.96,674.58,675.24,78426900
11/5/25,674.98,680.86,674.17,677.58,74402300
11/6/25,676.47,677.38,668.72,670.31,85035300
11/7/25,667.91,671.08,661.205,670.97,100592400
11/10/25,677.235,682.18,675.03,681.44,75842800
11/11/25,679.95,683.57,678.73,683,58953300
11/12/25,684.79,684.96,680.945,683.38,62312400
11/13/25,680.5,680.86,670.52,672.04,103457700
11/14/25,665.38,675.66,663.265,671.93,96846600
11/17/25,669.7,673.71,662.17,665.67,90456100
11/18/25,662.095,665.12,655.86,660.08,114467400
11/19/25,660.78,667.34,658.745,662.63,94702900
11/20/25,672.91,675.56,651.89,652.53,165293500
11/21/25,655.05,664.55,650.85,659.03,123956200
11/24/25,662.69,670.06,661.59,668.73,80437900
11/25/25,668.63,676.21,664.48,675.02,81077000
11/26/25,677.63,681.7,676.72,679.68,71879500
11/28/25,680.86,683.665,680.5,683.39,49212000
12/1/25,678.81,682.99,678.74,680.27,61201100
12/2/25,681.92,683.82,679.3275,681.53,62953800
12/3/25,680.57,684.91,679.69,683.89,57238400
12/4/25,685.3,685.37,681.34,684.39,61970300
12/5/25,685.47,688.39,684.58,685.69,79241000